"2024-08-06T02:40:46Z";"CREATE_CHEST";"{"chest":{"location":{"world":"world","x":-17.0,"y":56.0,"z":39.0},"createdAt":1722912046294,"expireAt":1722912646294,"owner":{"name":"amogus20241","op":false,"id":"0e9c0d48-1115-33f6-85dd-22f539d99bc9","entity-id":877,"location":{"world":"world","x":-16.698287814975398,"y":56.11608789195124,"z":39.98687789127005,"yaw":70.801056,"pitch":13.049769}},"isProtected":false,"inventory":{"type":"CHEST","size":9,"content":[{"v":3953,"type":"STICK","amount":3},{"v":3953,"type":"WOODEN_SWORD","meta":{"meta-type":"UNSPECIFIC","lore":["{\"text\":\"\",\"extra\":[{\"text\":\"Crafted on: \",\"obfuscated\":false,\"italic\":false,\"underlined\":false,\"strikethrough\":false,\"color\":\"gray\",\"bold\":false},{\"text\":\"8/06/2024\",\"italic\":false,\"color\":\"dark_gray\"}]}","{\"text\":\"\",\"extra\":[{\"text\":\"Crafted by: \",\"obfuscated\":false,\"italic\":false,\"underlined\":false,\"strikethrough\":false,\"color\":\"gray\",\"bold\":false},{\"text\":\"amogus20241\",\"italic\":false,\"color\":\"dark_gray\"}]}"],"Damage":2,"PublicBukkitValues":"{\n    \"toolstats:hash\": \"06a5362c5c81962bcf748579ad5ddff32307e819782590049dcbb4ca479b4244\",\n    \"toolstats:origin\": 0,\n    \"toolstats:owner\": [B; 14B, -100B, 13B, 72B, 17B, 21B, 51B, -10B, -123B, -35B, 34B, -11B, 57B, -39B, -101B, -55B],\n    \"toolstats:time-created\": 1722912034959L\n}"}},{"v":3953,"type":"BIRCH_PLANKS","amount":16}]}}}"
"2024-08-06T02:41:41Z";"DESTROY_CHEST";"{"chest":{"location":{"world":"world","x":-17.0,"y":56.0,"z":39.0},"createdAt":1722912046294,"expireAt":1722912646294,"owner":{"name":"amogus20241","op":false,"id":"0e9c0d48-1115-33f6-85dd-22f539d99bc9","entity-id":877,"location":{"world":"world","x":-17.637726239502967,"y":57.11676879682878,"z":42.09735395146718,"yaw":169.35016,"pitch":65.10006}},"isProtected":false,"inventory":{"type":"CHEST","size":9,"content":[]}},"reason":"PLAYER","extra":{"player":{"name":"amogus20241","op":false,"id":"0e9c0d48-1115-33f6-85dd-22f539d99bc9","entity-id":877,"location":{"world":"world","x":-17.637726239502967,"y":57.11676879682878,"z":42.09735395146718,"yaw":169.35016,"pitch":65.10006}}}}"
"2024-08-06T03:11:36Z";"CREATE_CHEST";"{"chest":{"location":{"world":"world","x":132.0,"y":-55.0,"z":538.0},"createdAt":1722913896593,"expireAt":1722914496593,"owner":{"name":"Lunar_VNW","op":true,"id":"08b53c64-332c-32b4-8b38-984329506077","entity-id":5601,"location":{"world":"world","x":132.30000001192093,"y":-55.0,"z":538.4200978168526,"yaw":14.250702,"pitch":24.600023}},"isProtected":false,"inventory":{"type":"CHEST","size":36,"content":[{"v":3953,"type":"PRISMARINE_SHARD","amount":2},{"v":3953,"type":"OAK_LEAVES"},{"v":3953,"type":"STONE_PICKAXE","meta":{"meta-type":"UNSPECIFIC","item-name":"{\"text\":\"\",\"extra\":[{\"text\":\"B\",\"color\":\"#3685ec\"},{\"text\":\"e\",\"color\":\"#3a89eb\"},{\"text\":\"d\",\"color\":\"#3f8eeb\"},{\"text\":\"r\",\"color\":\"#4392ea\"},{\"text\":\"o\",\"color\":\"#4796ea\"},{\"text\":\"c\",\"color\":\"#4b9ae9\"},{\"text\":\"k\",\"color\":\"#509fe9\"},{\"text\":\" \",\"color\":\"#54a3e8\"},{\"text\":\"P\",\"color\":\"#58a7e7\"},{\"text\":\"i\",\"color\":\"#5dace7\"},{\"text\":\"c\",\"color\":\"#61b0e6\"},{\"text\":\"k\",\"color\":\"#65b4e6\"},{\"text\":\"a\",\"color\":\"#69b8e5\"},{\"text\":\"x\",\"color\":\"#6ebde5\"},{\"text\":\"e\",\"color\":\"#72c1e4\"}]}","lore":["{\"text\":\"\",\"extra\":[{\"text\":\"» \",\"obfuscated\":false,\"italic\":false,\"underlined\":false,\"strikethrough\":false,\"color\":\"#6F737D\",\"bold\":false},{\"text\":\"Mine bedrock blocks\",\"obfuscated\":false,\"italic\":false,\"underlined\":false,\"strikethrough\":false,\"color\":\"#D5D6D8\",\"bold\":false}]}","{\"text\":\"\",\"extra\":[{\"text\":\"Blocks mined: \",\"obfuscated\":false,\"italic\":false,\"underlined\":false,\"strikethrough\":false,\"color\":\"gray\",\"bold\":false},{\"text\":\"3\",\"italic\":false,\"color\":\"dark_gray\"}]}"],"custom-model-data":1000,"Damage":5,"max-damage":5000,"PublicBukkitValues":"{\n    \"oraxen:id\": \"bedrock_pickaxe\",\n    \"toolstats:generic-mined\": 3\n}"}},{"v":3953,"type":"CRYING_OBSIDIAN","amount":14},{"v":3953,"type":"OBSIDIAN","amount":19},{"v":3953,"type":"BARRIER","amount":40},{"v":3953,"type":"PRISMARINE_CRYSTALS"},{"v":3953,"type":"COBBLESTONE","amount":2},{"v":3953,"type":"COBBLED_DEEPSLATE","amount":2},{"v":3953,"type":"ROTTEN_FLESH"},{"v":3953,"type":"COOKED_MUTTON","amount":32},{"v":3953,"type":"COOKED_RABBIT","amount":29},{"v":3953,"type":"PAPER","meta":{"meta-type":"UNSPECIFIC","item-name":"{\"text\":\"Brunnera\",\"color\":\"#34D8EB\"}","custom-model-data":1005,"PublicBukkitValues":"{\n    \"oraxen:id\": \"brunnera\"\n}"}},{"v":3953,"type":"GOLDEN_APPLE","amount":32},{"v":3953,"type":"PUMPKIN_PIE","amount":46},{"v":3953,"type":"COOKIE","amount":8},{"v":3953,"type":"COOKIE","amount":32},{"v":3953,"type":"STRING","amount":2},{"v":3953,"type":"PUMPKIN_PIE","amount":10},{"v":3953,"type":"COOKED_CHICKEN","amount":32},{"v":3953,"type":"SPRUCE_TRAPDOOR"},{"v":3953,"type":"GOLDEN_CARROT","amount":32},{"v":3953,"type":"GOLDEN_CARROT","amount":16},{"v":3953,"type":"GOLDEN_APPLE","amount":16},{"v":3953,"type":"NETHERITE_INGOT","amount":59},{"v":3953,"type":"SPRUCE_FENCE"},{"v":3953,"type":"LADDER","amount":3},{"v":3953,"type":"MUTTON","amount":2},{"v":3953,"type":"IRON_BLOCK","amount":58,"meta":{"meta-type":"UNSPECIFIC","display-name":"{\"text\":\"\",\"extra\":[{\"text\":\"PURE IRON\",\"obfuscated\":false,\"italic\":false,\"underlined\":false,\"strikethrough\":false,\"color\":\"dark_aqua\",\"bold\":false}]}","enchants":{"minecraft:infinity":1}}},{"v":3953,"type":"BONE_BLOCK","amount":56,"meta":{"meta-type":"UNSPECIFIC","display-name":"{\"text\":\"\",\"extra\":[{\"text\":\"CURSED BONE\",\"obfuscated\":false,\"italic\":false,\"underlined\":false,\"strikethrough\":false,\"color\":\"dark_purple\",\"bold\":false}]}","lore":["{\"text\":\"\",\"extra\":[{\"text\":\"Cursed ∞\",\"obfuscated\":false,\"italic\":false,\"underlined\":false,\"strikethrough\":false,\"color\":\"red\",\"bold\":false}]}"],"enchants":{"minecraft:infinity":1}}},{"v":3953,"type":"NETHERITE_BLOCK","amount":63,"meta":{"meta-type":"UNSPECIFIC","display-name":"{\"text\":\"\",\"extra\":[{\"text\":\"Perfect Steel\",\"obfuscated\":false,\"italic\":false,\"underlined\":false,\"strikethrough\":false,\"color\":\"gold\",\"bold\":false}]}","enchants":{"minecraft:infinity":1}}},{"v":3953,"type":"END_ROD","amount":63,"meta":{"meta-type":"UNSPECIFIC","display-name":"{\"text\":\"\",\"extra\":[{\"text\":\"Perfect Iron\",\"obfuscated\":false,\"italic\":false,\"underlined\":false,\"strikethrough\":false,\"color\":\"red\",\"bold\":false}]}","enchants":{"minecraft:infinity":1}}}]}}}"
"2024-08-06T03:12:00Z";"DESTROY_CHEST";"{"chest":{"location":{"world":"world","x":132.0,"y":-55.0,"z":538.0},"createdAt":1722913896593,"expireAt":1722914496593,"owner":{"name":"Lunar_VNW","op":true,"id":"08b53c64-332c-32b4-8b38-984329506077","entity-id":5601,"location":{"world":"world","x":132.30000001192093,"y":-54.125,"z":538.4200978168526,"yaw":-18.149302,"pitch":89.99998}},"isProtected":false,"inventory":{"type":"CHEST","size":36,"content":[]}},"reason":"PLAYER","extra":{"player":{"name":"Lunar_VNW","op":true,"id":"08b53c64-332c-32b4-8b38-984329506077","entity-id":5601,"location":{"world":"world","x":132.30000001192093,"y":-54.125,"z":538.4200978168526,"yaw":-18.149302,"pitch":89.99998}}}}"
"2024-08-06T04:41:06Z";"CREATE_CHEST";"{"chest":{"location":{"world":"world","x":28.0,"y":88.0,"z":700.0},"createdAt":1722919266282,"expireAt":1722919866282,"owner":{"name":"Lunar_VNW","op":true,"id":"08b53c64-332c-32b4-8b38-984329506077","entity-id":18683,"location":{"world":"world","x":28.69999998807907,"y":88.20000004768372,"z":700.4824838023076,"yaw":20.849836,"pitch":52.649994}},"isProtected":false,"inventory":{"type":"CHEST","size":36,"content":[{"v":3953,"type":"STONE_PICKAXE","meta":{"meta-type":"UNSPECIFIC","item-name":"{\"text\":\"\",\"extra\":[{\"text\":\"B\",\"color\":\"#3685EC\"},{\"text\":\"e\",\"color\":\"#3A89EB\"},{\"text\":\"d\",\"color\":\"#3F8EEB\"},{\"text\":\"r\",\"color\":\"#4392EA\"},{\"text\":\"o\",\"color\":\"#4796EA\"},{\"text\":\"c\",\"color\":\"#4B9AE9\"},{\"text\":\"k\",\"color\":\"#509FE9\"},{\"text\":\" \",\"color\":\"#54A3E8\"},{\"text\":\"P\",\"color\":\"#58A7E7\"},{\"text\":\"i\",\"color\":\"#5DACE7\"},{\"text\":\"c\",\"color\":\"#61B0E6\"},{\"text\":\"k\",\"color\":\"#65B4E6\"},{\"text\":\"a\",\"color\":\"#69B8E5\"},{\"text\":\"x\",\"color\":\"#6EBDE5\"},{\"text\":\"e\",\"color\":\"#72C1E4\"}]}","lore":["{\"text\":\"\",\"extra\":[{\"text\":\"» \",\"obfuscated\":false,\"italic\":false,\"underlined\":false,\"strikethrough\":false,\"color\":\"#6F737D\",\"bold\":false},{\"text\":\"Mine bedrock blocks\",\"obfuscated\":false,\"italic\":false,\"underlined\":false,\"strikethrough\":false,\"color\":\"#D5D6D8\",\"bold\":false}]}","{\"text\":\"\",\"extra\":[{\"text\":\"Blocks mined: \",\"obfuscated\":false,\"italic\":false,\"underlined\":false,\"strikethrough\":false,\"color\":\"gray\",\"bold\":false},{\"text\":\"3\",\"italic\":false,\"color\":\"dark_gray\"}]}"],"custom-model-data":1000,"Damage":5,"max-damage":5000,"PublicBukkitValues":"{\n    \"oraxen:id\": \"bedrock_pickaxe\",\n    \"toolstats:generic-mined\": 3\n}"}},{"v":3953,"type":"DRIPSTONE_BLOCK","amount":2},{"v":3953,"type":"WRITABLE_BOOK"},{"v":3953,"type":"WARDEN_SPAWN_EGG"},{"v":3953,"type":"POINTED_DRIPSTONE"},{"v":3953,"type":"WRITABLE_BOOK"},{"v":3953,"type":"WRITABLE_BOOK"},{"v":3953,"type":"WRITABLE_BOOK"},{"v":3953,"type":"WRITABLE_BOOK"},{"v":3953,"type":"PRISMARINE_SHARD","amount":2},{"v":3953,"type":"ROTTEN_FLESH"},{"v":3953,"type":"PUMPKIN_PIE","amount":56},{"v":3953,"type":"MUTTON","amount":2},{"v":3953,"type":"TORCH","amount":2},{"v":3953,"type":"IRON_BLOCK","amount":58,"meta":{"meta-type":"UNSPECIFIC","display-name":"{\"text\":\"\",\"extra\":[{\"text\":\"PURE IRON\",\"obfuscated\":false,\"italic\":false,\"underlined\":false,\"strikethrough\":false,\"color\":\"dark_aqua\",\"bold\":false}]}","enchants":{"minecraft:infinity":1}}},{"v":3953,"type":"BEDROCK"},{"v":3953,"type":"BIRCH_PLANKS"},{"v":3953,"type":"PAPER","meta":{"meta-type":"UNSPECIFIC","item-name":"{\"text\":\"Coach\",\"color\":\"gray\"}","custom-model-data":1011,"PublicBukkitValues":"{\n    \"oraxen:furniture\": 1b,\n    \"oraxen:id\": \"coach\"\n}"}},{"v":3953,"type":"SPRUCE_FENCE"},{"v":3953,"type":"COBBLESTONE","amount":2},{"v":3953,"type":"COOKIE","amount":40},{"v":3953,"type":"COBBLED_DEEPSLATE","amount":2},{"v":3953,"type":"STRING","amount":2},{"v":3953,"type":"PAPER","meta":{"meta-type":"UNSPECIFIC","item-name":"{\"text\":\"Chair\",\"color\":\"gray\"}","custom-model-data":1010,"PublicBukkitValues":"{\n    \"oraxen:furniture\": 1b,\n    \"oraxen:id\": \"chair\"\n}"}},{"v":3953,"type":"DIAMOND_SWORD","meta":{"meta-type":"UNSPECIFIC","item-name":"{\"text\":\"\",\"extra\":[{\"text\":\"S\",\"color\":\"#3685EC\"},{\"text\":\"t\",\"color\":\"#3C8BEB\"},{\"text\":\"o\",\"color\":\"#4291EA\"},{\"text\":\"r\",\"color\":\"#4897EA\"},{\"text\":\"m\",\"color\":\"#4E9DE9\"},{\"text\":\" \",\"color\":\"#54A3E8\"},{\"text\":\"S\",\"color\":\"#5AA9E7\"},{\"text\":\"w\",\"color\":\"#60AFE6\"},{\"text\":\"o\",\"color\":\"#66B5E6\"},{\"text\":\"r\",\"color\":\"#6CBBE5\"},{\"text\":\"d\",\"color\":\"#72C1E4\"}]}","lore":["{\"text\":\"\",\"extra\":[{\"text\":\"» \",\"obfuscated\":false,\"italic\":false,\"underlined\":false,\"strikethrough\":false,\"color\":\"#6F737D\",\"bold\":false},{\"text\":\"Right click to strike lightning\",\"obfuscated\":false,\"italic\":false,\"underlined\":false,\"strikethrough\":false,\"color\":\"#D5D6D8\",\"bold\":false}]}","{\"text\":\"\",\"extra\":[{\"text\":\"Spawned on: \",\"obfuscated\":false,\"italic\":false,\"underlined\":false,\"strikethrough\":false,\"color\":\"gray\",\"bold\":false},{\"text\":\"8/06/2024\",\"italic\":false,\"color\":\"dark_gray\"}]}","{\"text\":\"\",\"extra\":[{\"text\":\"Spawned in by: \",\"obfuscated\":false,\"italic\":false,\"underlined\":false,\"strikethrough\":false,\"color\":\"gray\",\"bold\":false},{\"text\":\"Lunar_VNW\",\"italic\":false,\"color\":\"dark_gray\"}]}"],"custom-model-data":1004,"attribute-modifiers":{"minecraft:generic.attack_damage":[{}],"minecraft:generic.attack_speed":[{}]},"PublicBukkitValues":"{\n    \"oraxen:charges\": -1,\n    \"oraxen:id\": \"storm_sword\",\n    \"toolstats:hash\": \"5fe7a70c6c1facdcc79fc7587351c7f5dc2138ddbf6fb8cd53894c9578297197\",\n    \"toolstats:origin\": 6,\n    \"toolstats:owner\": [B; 8B, -75B, 60B, 100B, 51B, 44B, 50B, -76B, -117B, 56B, -104B, 67B, 41B, 80B, 96B, 119B],\n    \"toolstats:time-created\": 1722915141655L\n}"}},{"v":3953,"type":"BARRIER","amount":40},{"v":3953,"type":"WRITABLE_BOOK"},{"v":3953,"type":"GOLDEN_APPLE","amount":48},{"v":3953,"type":"OBSIDIAN","amount":19},{"v":3953,"type":"CRYING_OBSIDIAN","amount":14},{"v":3953,"type":"PAPER","meta":{"meta-type":"UNSPECIFIC","item-name":"{\"text\":\"Brunnera\",\"color\":\"#34D8EB\"}","custom-model-data":1005,"PublicBukkitValues":"{\n    \"oraxen:id\": \"brunnera\"\n}"}},{"v":3953,"type":"GOLDEN_CARROT","amount":48},{"v":3953,"type":"WRITABLE_BOOK"},{"v":3953,"type":"WRITABLE_BOOK"},{"v":3953,"type":"WRITABLE_BOOK"},{"v":3953,"type":"WRITABLE_BOOK"}]}}}"
"2024-08-06T04:41:06Z";"CREATE_CHEST";"{"chest":{"location":{"world":"world","x":28.0,"y":87.0,"z":702.0},"createdAt":1722919266304,"expireAt":1722919866304,"owner":{"name":"hakaidiluc","op":false,"id":"8c0cfd1a-aca5-33d2-b11f-28759febd1e3","entity-id":17195,"location":{"world":"world","x":28.346382134923097,"y":87.0,"z":702.1832031278476,"yaw":178.19952,"pitch":25.200075}},"isProtected":false,"inventory":{"type":"CHEST","size":36,"content":[{"v":3953,"type":"COOKED_BEEF","amount":25,"meta":{"meta-type":"UNSPECIFIC","item-name":"{\"text\":\"\",\"extra\":[{\"text\":\"M\",\"color\":\"#F69D84\"},{\"text\":\"i\",\"color\":\"#F6A185\"},{\"text\":\"n\",\"color\":\"#F7A585\"},{\"text\":\"e\",\"color\":\"#F7A886\"},{\"text\":\"r\",\"color\":\"#F7AC86\"},{\"text\":\"\u0027\",\"color\":\"#F7B087\"},{\"text\":\"s\",\"color\":\"#F8B487\"},{\"text\":\" \",\"color\":\"#F8B788\"},{\"text\":\"s\",\"color\":\"#F8BB89\"},{\"text\":\"a\",\"color\":\"#F8BF89\"},{\"text\":\"n\",\"color\":\"#F9C38A\"},{\"text\":\"d\",\"color\":\"#F9C68A\"},{\"text\":\"w\",\"color\":\"#F9CA8B\"},{\"text\":\"i\",\"color\":\"#F9CE8B\"},{\"text\":\"t\",\"color\":\"#FAD28C\"},{\"text\":\"c\",\"color\":\"#FAD58C\"},{\"text\":\"h\",\"color\":\"#FAD98D\"}]}","custom-model-data":1000,"PublicBukkitValues":"{\n    \"oraxen:id\": \"miner_sandwitch\"\n}"}},{"v":3953,"type":"WRITABLE_BOOK"},{"v":3953,"type":"WRITABLE_BOOK"},{"v":3953,"type":"WRITABLE_BOOK"},{"v":3953,"type":"WRITABLE_BOOK"},{"v":3953,"type":"WRITABLE_BOOK"},{"v":3953,"type":"WRITABLE_BOOK"},{"v":3953,"type":"WRITABLE_BOOK"},{"v":3953,"type":"PUMPKIN_PIE","amount":54},{"v":3953,"type":"WRITABLE_BOOK"},{"v":3953,"type":"WRITABLE_BOOK"},{"v":3953,"type":"WRITABLE_BOOK"},{"v":3953,"type":"WRITABLE_BOOK"},{"v":3953,"type":"WRITABLE_BOOK"},{"v":3953,"type":"WRITABLE_BOOK"},{"v":3953,"type":"WRITABLE_BOOK"},{"v":3953,"type":"WRITABLE_BOOK"},{"v":3953,"type":"WRITABLE_BOOK"},{"v":3953,"type":"WRITABLE_BOOK"},{"v":3953,"type":"WRITABLE_BOOK"},{"v":3953,"type":"WRITABLE_BOOK"},{"v":3953,"type":"WRITABLE_BOOK"},{"v":3953,"type":"WRITABLE_BOOK"},{"v":3953,"type":"WRITABLE_BOOK"},{"v":3953,"type":"WRITABLE_BOOK"},{"v":3953,"type":"WRITABLE_BOOK"},{"v":3953,"type":"WRITABLE_BOOK"},{"v":3953,"type":"WRITABLE_BOOK"},{"v":3953,"type":"WRITABLE_BOOK"},{"v":3953,"type":"WRITABLE_BOOK"},{"v":3953,"type":"WRITABLE_BOOK"},{"v":3953,"type":"WRITABLE_BOOK"},{"v":3953,"type":"WRITABLE_BOOK"},{"v":3953,"type":"WRITABLE_BOOK"},{"v":3953,"type":"WRITABLE_BOOK"},{"v":3953,"type":"WRITABLE_BOOK"}]}}}"
"2024-08-06T04:42:48Z";"CREATE_CHEST";"{"chest":{"location":{"world":"world","x":30.0,"y":87.0,"z":702.0},"createdAt":1722919368590,"expireAt":1722919968590,"owner":{"name":"hakaidiluc","op":false,"id":"8c0cfd1a-aca5-33d2-b11f-28759febd1e3","entity-id":17195,"location":{"world":"world","x":30.160316659657397,"y":87.875,"z":705.5464165449985,"yaw":108.14966,"pitch":45.299995}},"isProtected":false,"inventory":{"type":"CHEST","size":36,"content":[{"v":3953,"type":"SHULKER_BOX","meta":{"meta-type":"TILE_ENTITY","internal":"H4sIAAAAAAAA/6XLSQ6CQBBG4WJSaGdRcTgDF/AyBto26QBdBsoYb2+7Yu+/e2/xKSJFRd2ybkrjxMqn1Nw92fkZMso764zuq4dcNTup/PWKiC4RxUPL4tP72IrpUgrtnYoRvHsrVd2aW83cRJRofrkfCIhGHUA6hHQE6RjSCaQnkJ5COoV0BmkF6Rmk55BeQHoJ6RWk15DeQHoL6RzSO0jvIX2AdAHpI6RPkD7/oYm+OdoGasQGAAA\u003d","blockMaterial":"SHULKER_BOX"}},{"v":3953,"type":"WRITABLE_BOOK"},{"v":3953,"type":"WRITABLE_BOOK"},{"v":3953,"type":"WRITABLE_BOOK"},{"v":3953,"type":"WRITABLE_BOOK"},{"v":3953,"type":"WRITABLE_BOOK"},{"v":3953,"type":"WRITABLE_BOOK"},{"v":3953,"type":"WRITABLE_BOOK"},{"v":3953,"type":"WRITABLE_BOOK"},{"v":3953,"type":"WRITABLE_BOOK"},{"v":3953,"type":"WRITABLE_BOOK"},{"v":3953,"type":"WRITABLE_BOOK"},{"v":3953,"type":"WRITABLE_BOOK"},{"v":3953,"type":"WRITABLE_BOOK"},{"v":3953,"type":"WRITABLE_BOOK"},{"v":3953,"type":"WRITABLE_BOOK"},{"v":3953,"type":"WRITABLE_BOOK"},{"v":3953,"type":"WRITABLE_BOOK"},{"v":3953,"type":"WRITABLE_BOOK"},{"v":3953,"type":"WRITABLE_BOOK"},{"v":3953,"type":"WRITABLE_BOOK"},{"v":3953,"type":"WRITABLE_BOOK"},{"v":3953,"type":"WRITABLE_BOOK"},{"v":3953,"type":"WRITABLE_BOOK"},{"v":3953,"type":"WRITABLE_BOOK"},{"v":3953,"type":"WRITABLE_BOOK"},{"v":3953,"type":"WRITABLE_BOOK"},{"v":3953,"type":"WRITABLE_BOOK"}]}}}"
"2024-08-06T04:44:12Z";"CREATE_CHEST";"{"chest":{"location":{"world":"world","x":40.0,"y":82.0,"z":709.0},"createdAt":1722919452847,"expireAt":1722920052847,"owner":{"name":"hakaidiluc","op":false,"id":"8c0cfd1a-aca5-33d2-b11f-28759febd1e3","entity-id":17195,"location":{"world":"world","x":43.66650675642425,"y":67.875,"z":709.588216787337,"yaw":130.1999,"pitch":11.09999}},"isProtected":false,"inventory":{"type":"CHEST","size":27,"content":[{"v":3953,"type":"WRITABLE_BOOK"},{"v":3953,"type":"WRITABLE_BOOK"},{"v":3953,"type":"WRITABLE_BOOK"},{"v":3953,"type":"WRITABLE_BOOK"},{"v":3953,"type":"WRITABLE_BOOK"},{"v":3953,"type":"WRITABLE_BOOK"},{"v":3953,"type":"WRITABLE_BOOK"},{"v":3953,"type":"WRITABLE_BOOK"},{"v":3953,"type":"WRITABLE_BOOK"},{"v":3953,"type":"WRITABLE_BOOK"},{"v":3953,"type":"WRITABLE_BOOK"},{"v":3953,"type":"WRITABLE_BOOK"},{"v":3953,"type":"WRITABLE_BOOK"},{"v":3953,"type":"WRITABLE_BOOK"},{"v":3953,"type":"WRITABLE_BOOK"},{"v":3953,"type":"WRITABLE_BOOK"},{"v":3953,"type":"WRITABLE_BOOK"},{"v":3953,"type":"WRITABLE_BOOK"},{"v":3953,"type":"WRITABLE_BOOK"},{"v":3953,"type":"WRITABLE_BOOK"},{"v":3953,"type":"WRITABLE_BOOK"},{"v":3953,"type":"WRITABLE_BOOK"},{"v":3953,"type":"WRITABLE_BOOK"},{"v":3953,"type":"WRITABLE_BOOK"},{"v":3953,"type":"WRITABLE_BOOK"},{"v":3953,"type":"WRITABLE_BOOK"},{"v":3953,"type":"WRITABLE_BOOK"}]}}}"
"2024-08-06T04:44:48Z";"DESTROY_CHEST";"{"chest":{"location":{"world":"world","x":40.0,"y":82.0,"z":709.0},"createdAt":1722919452847,"expireAt":1722920052847,"owner":{"name":"hakaidiluc","op":false,"id":"8c0cfd1a-aca5-33d2-b11f-28759febd1e3","entity-id":17195,"location":{"world":"world","x":39.542917468992464,"y":82.0,"z":710.2538507568642,"yaw":-120.44896,"pitch":56.249928}},"isProtected":false,"inventory":{"type":"CHEST","size":27,"content":[]}},"reason":"PLAYER","extra":{"player":{"name":"hakaidiluc","op":false,"id":"8c0cfd1a-aca5-33d2-b11f-28759febd1e3","entity-id":17195,"location":{"world":"world","x":39.542917468992464,"y":82.0,"z":710.2538507568642,"yaw":-120.44896,"pitch":56.249928}}}}"
"2024-08-06T04:51:41Z";"DESTROY_CHEST";"{"chest":{"location":{"world":"world","x":28.0,"y":87.0,"z":702.0},"createdAt":1722919266304,"expireAt":1722919866304,"owner":{"name":"hakaidiluc","op":false,"id":"8c0cfd1a-aca5-33d2-b11f-28759febd1e3","entity-id":17195,"location":{"world":"world","x":37.76675371426667,"y":83.12313599859094,"z":711.2020253848926,"yaw":156.15088,"pitch":72.0}},"isProtected":false,"inventory":{"type":"CHEST","size":36,"content":[{"v":3953,"type":"COOKED_BEEF","amount":25,"meta":{"meta-type":"UNSPECIFIC","item-name":"{\"text\":\"\",\"extra\":[{\"text\":\"M\",\"color\":\"#F69D84\"},{\"text\":\"i\",\"color\":\"#F6A185\"},{\"text\":\"n\",\"color\":\"#F7A585\"},{\"text\":\"e\",\"color\":\"#F7A886\"},{\"text\":\"r\",\"color\":\"#F7AC86\"},{\"text\":\"\u0027\",\"color\":\"#F7B087\"},{\"text\":\"s\",\"color\":\"#F8B487\"},{\"text\":\" \",\"color\":\"#F8B788\"},{\"text\":\"s\",\"color\":\"#F8BB89\"},{\"text\":\"a\",\"color\":\"#F8BF89\"},{\"text\":\"n\",\"color\":\"#F9C38A\"},{\"text\":\"d\",\"color\":\"#F9C68A\"},{\"text\":\"w\",\"color\":\"#F9CA8B\"},{\"text\":\"i\",\"color\":\"#F9CE8B\"},{\"text\":\"t\",\"color\":\"#FAD28C\"},{\"text\":\"c\",\"color\":\"#FAD58C\"},{\"text\":\"h\",\"color\":\"#FAD98D\"}]}","custom-model-data":1000,"PublicBukkitValues":"{\n    \"oraxen:id\": \"miner_sandwitch\"\n}"}},{"v":3953,"type":"WRITABLE_BOOK"},{"v":3953,"type":"WRITABLE_BOOK"},{"v":3953,"type":"WRITABLE_BOOK"},{"v":3953,"type":"WRITABLE_BOOK"},{"v":3953,"type":"WRITABLE_BOOK"},{"v":3953,"type":"WRITABLE_BOOK"},{"v":3953,"type":"WRITABLE_BOOK"},{"v":3953,"type":"PUMPKIN_PIE","amount":54},{"v":3953,"type":"WRITABLE_BOOK"},{"v":3953,"type":"WRITABLE_BOOK"},{"v":3953,"type":"WRITABLE_BOOK"},{"v":3953,"type":"WRITABLE_BOOK"},{"v":3953,"type":"WRITABLE_BOOK"},{"v":3953,"type":"WRITABLE_BOOK"},{"v":3953,"type":"WRITABLE_BOOK"},{"v":3953,"type":"WRITABLE_BOOK"},{"v":3953,"type":"WRITABLE_BOOK"},{"v":3953,"type":"WRITABLE_BOOK"},{"v":3953,"type":"WRITABLE_BOOK"},{"v":3953,"type":"WRITABLE_BOOK"},{"v":3953,"type":"WRITABLE_BOOK"},{"v":3953,"type":"WRITABLE_BOOK"},{"v":3953,"type":"WRITABLE_BOOK"},{"v":3953,"type":"WRITABLE_BOOK"},{"v":3953,"type":"WRITABLE_BOOK"},{"v":3953,"type":"WRITABLE_BOOK"},{"v":3953,"type":"WRITABLE_BOOK"},{"v":3953,"type":"WRITABLE_BOOK"},{"v":3953,"type":"WRITABLE_BOOK"},{"v":3953,"type":"WRITABLE_BOOK"},{"v":3953,"type":"WRITABLE_BOOK"},{"v":3953,"type":"WRITABLE_BOOK"},{"v":3953,"type":"WRITABLE_BOOK"},{"v":3953,"type":"WRITABLE_BOOK"},{"v":3953,"type":"WRITABLE_BOOK"}]}},"reason":"EXPIRATION","extra":{"item-drops":false}}"
"2024-08-06T04:51:42Z";"DESTROY_CHEST";"{"chest":{"location":{"world":"world","x":28.0,"y":88.0,"z":700.0},"createdAt":1722919266282,"expireAt":1722919866282,"owner":{"name":"Lunar_VNW","op":true,"id":"08b53c64-332c-32b4-8b38-984329506077","entity-id":18683,"location":{"world":"world","x":46.487345061014885,"y":71.875,"z":703.7381180944002,"yaw":177.15161,"pitch":23.550003}},"isProtected":false,"inventory":{"type":"CHEST","size":36,"content":[{"v":3953,"type":"WRITABLE_BOOK"},{"v":3953,"type":"WRITABLE_BOOK"},{"v":3953,"type":"WRITABLE_BOOK"},{"v":3953,"type":"WRITABLE_BOOK"},{"v":3953,"type":"WRITABLE_BOOK"},{"v":3953,"type":"WRITABLE_BOOK"},{"v":3953,"type":"WRITABLE_BOOK"},{"v":3953,"type":"WRITABLE_BOOK"}]}},"reason":"EXPIRATION","extra":{"item-drops":false}}"
"2024-08-06T04:53:24Z";"DESTROY_CHEST";"{"chest":{"location":{"world":"world","x":30.0,"y":87.0,"z":702.0},"createdAt":1722919368590,"expireAt":1722919968590,"owner":{"name":"hakaidiluc","op":false,"id":"8c0cfd1a-aca5-33d2-b11f-28759febd1e3","entity-id":17195,"location":{"world":"world","x":37.76675371426667,"y":83.12313599859094,"z":711.2020253848926,"yaw":156.15088,"pitch":72.0}},"isProtected":false,"inventory":{"type":"CHEST","size":36,"content":[{"v":3953,"type":"WRITABLE_BOOK"},{"v":3953,"type":"WRITABLE_BOOK"},{"v":3953,"type":"WRITABLE_BOOK"},{"v":3953,"type":"WRITABLE_BOOK"},{"v":3953,"type":"WRITABLE_BOOK"},{"v":3953,"type":"WRITABLE_BOOK"},{"v":3953,"type":"WRITABLE_BOOK"},{"v":3953,"type":"WRITABLE_BOOK"},{"v":3953,"type":"WRITABLE_BOOK"},{"v":3953,"type":"WRITABLE_BOOK"},{"v":3953,"type":"WRITABLE_BOOK"},{"v":3953,"type":"WRITABLE_BOOK"},{"v":3953,"type":"WRITABLE_BOOK"},{"v":3953,"type":"WRITABLE_BOOK"},{"v":3953,"type":"WRITABLE_BOOK"},{"v":3953,"type":"WRITABLE_BOOK"},{"v":3953,"type":"WRITABLE_BOOK"},{"v":3953,"type":"WRITABLE_BOOK"},{"v":3953,"type":"WRITABLE_BOOK"},{"v":3953,"type":"WRITABLE_BOOK"},{"v":3953,"type":"WRITABLE_BOOK"},{"v":3953,"type":"WRITABLE_BOOK"},{"v":3953,"type":"WRITABLE_BOOK"},{"v":3953,"type":"WRITABLE_BOOK"},{"v":3953,"type":"WRITABLE_BOOK"},{"v":3953,"type":"WRITABLE_BOOK"},{"v":3953,"type":"WRITABLE_BOOK"}]}},"reason":"EXPIRATION","extra":{"item-drops":false}}"
"2024-08-06T06:32:11Z";"CREATE_CHEST";"{"chest":{"location":{"world":"world","x":68.0,"y":66.0,"z":710.0},"createdAt":1722925931226,"expireAt":1722926531226,"owner":{"name":"Lunar_VNW","op":true,"id":"08b53c64-332c-32b4-8b38-984329506077","entity-id":1086,"location":{"world":"world","x":68.69999998807907,"y":66.0,"z":710.6677154561403,"yaw":42.152863,"pitch":8.550004}},"isProtected":false,"inventory":{"type":"CHEST","size":36,"content":[{"v":3953,"type":"IRON_BLOCK","amount":9,"meta":{"meta-type":"UNSPECIFIC","display-name":"{\"text\":\"\",\"extra\":[{\"text\":\"PURE IRON\",\"obfuscated\":false,\"italic\":false,\"underlined\":false,\"strikethrough\":false,\"color\":\"dark_aqua\",\"bold\":false}]}","enchants":{"minecraft:infinity":1}}},{"v":3953,"type":"MOSS_CARPET"},{"v":3953,"type":"DIAMOND_PICKAXE","meta":{"meta-type":"UNSPECIFIC","item-name":"{\"text\":\"\",\"extra\":[{\"text\":\"O\",\"color\":\"#3685EC\"},{\"text\":\"r\",\"color\":\"#3C8BEB\"},{\"text\":\"a\",\"color\":\"#4291EA\"},{\"text\":\"x\",\"color\":\"#4897EA\"},{\"text\":\" \",\"color\":\"#4E9DE9\"},{\"text\":\"H\",\"color\":\"#54A3E8\"},{\"text\":\"a\",\"color\":\"#5AA9E7\"},{\"text\":\"m\",\"color\":\"#60AFE6\"},{\"text\":\"m\",\"color\":\"#66B5E6\"},{\"text\":\"e\",\"color\":\"#6CBBE5\"},{\"text\":\"r\",\"color\":\"#72C1E4\"}]}","lore":["{\"text\":\"\",\"extra\":[{\"text\":\"» \",\"obfuscated\":false,\"italic\":false,\"underlined\":false,\"strikethrough\":false,\"color\":\"#6F737D\",\"bold\":false},{\"text\":\"Break 5x5x2 blocks\",\"obfuscated\":false,\"italic\":false,\"underlined\":false,\"strikethrough\":false,\"color\":\"#D5D6D8\",\"bold\":false}]}","{\"text\":\"\",\"extra\":[{\"text\":\"Blocks mined: \",\"obfuscated\":false,\"italic\":false,\"underlined\":false,\"strikethrough\":false,\"color\":\"gray\",\"bold\":false},{\"text\":\"750\",\"italic\":false,\"color\":\"dark_gray\"}]}"],"custom-model-data":1005,"Damage":25,"max-damage":4683,"PublicBukkitValues":"{\n    \"oraxen:id\": \"orax_hammer\",\n    \"toolstats:generic-mined\": 750\n}"}},{"v":3953,"type":"ROTTEN_FLESH"},{"v":3953,"type":"SHIELD","meta":{"meta-type":"TILE_ENTITY","item-name":"{\"text\":\"\",\"extra\":[{\"text\":\"D\",\"color\":\"#F69D84\"},{\"text\":\"i\",\"color\":\"#F6A285\"},{\"text\":\"v\",\"color\":\"#F7A786\"},{\"text\":\"i\",\"color\":\"#F7AC86\"},{\"text\":\"n\",\"color\":\"#F7B187\"},{\"text\":\"e\",\"color\":\"#F8B688\"},{\"text\":\" \",\"color\":\"#F8BB89\"},{\"text\":\"S\",\"color\":\"#F8C089\"},{\"text\":\"h\",\"color\":\"#F9C58A\"},{\"text\":\"i\",\"color\":\"#F9CA8B\"},{\"text\":\"e\",\"color\":\"#F9CF8C\"},{\"text\":\"l\",\"color\":\"#FAD48C\"},{\"text\":\"d\",\"color\":\"#FAD98D\"}]}","custom-model-data":1000,"Damage":9,"PublicBukkitValues":"{\n    \"oraxen:id\": \"divine_shield\"\n}","blockMaterial":"SHIELD"}},{"v":3953,"type":"MUDDY_MANGROVE_ROOTS"},{"v":3953,"type":"WRITABLE_BOOK"},{"v":3953,"type":"MUD","amount":5},{"v":3953,"type":"COBBLED_DEEPSLATE","amount":2},{"v":3953,"type":"SPRUCE_FENCE"},{"v":3953,"type":"PRISMARINE_SHARD","amount":2},{"v":3953,"type":"GOLDEN_APPLE","amount":48},{"v":3953,"type":"DIAMOND_SWORD","meta":{"meta-type":"UNSPECIFIC","item-name":"{\"text\":\"\",\"extra\":[{\"text\":\"S\",\"color\":\"#3685EC\"},{\"text\":\"t\",\"color\":\"#3C8BEB\"},{\"text\":\"o\",\"color\":\"#4291EA\"},{\"text\":\"r\",\"color\":\"#4897EA\"},{\"text\":\"m\",\"color\":\"#4E9DE9\"},{\"text\":\" \",\"color\":\"#54A3E8\"},{\"text\":\"S\",\"color\":\"#5AA9E7\"},{\"text\":\"w\",\"color\":\"#60AFE6\"},{\"text\":\"o\",\"color\":\"#66B5E6\"},{\"text\":\"r\",\"color\":\"#6CBBE5\"},{\"text\":\"d\",\"color\":\"#72C1E4\"}]}","lore":["{\"text\":\"\",\"extra\":[{\"text\":\"» \",\"obfuscated\":false,\"italic\":false,\"underlined\":false,\"strikethrough\":false,\"color\":\"#6F737D\",\"bold\":false},{\"text\":\"Right click to strike lightning\",\"obfuscated\":false,\"italic\":false,\"underlined\":false,\"strikethrough\":false,\"color\":\"#D5D6D8\",\"bold\":false}]}","{\"text\":\"\",\"extra\":[{\"text\":\"Spawned on: \",\"obfuscated\":false,\"italic\":false,\"underlined\":false,\"strikethrough\":false,\"color\":\"gray\",\"bold\":false},{\"text\":\"8/06/2024\",\"italic\":false,\"color\":\"dark_gray\"}]}","{\"text\":\"\",\"extra\":[{\"text\":\"Spawned in by: \",\"obfuscated\":false,\"italic\":false,\"underlined\":false,\"strikethrough\":false,\"color\":\"gray\",\"bold\":false},{\"text\":\"Lunar_VNW\",\"italic\":false,\"color\":\"dark_gray\"}]}"],"custom-model-data":1004,"attribute-modifiers":{"minecraft:generic.attack_damage":[{}],"minecraft:generic.attack_speed":[{}]},"PublicBukkitValues":"{\n    \"oraxen:charges\": -1,\n    \"oraxen:id\": \"storm_sword\",\n    \"toolstats:hash\": \"5fe7a70c6c1facdcc79fc7587351c7f5dc2138ddbf6fb8cd53894c9578297197\",\n    \"toolstats:origin\": 6,\n    \"toolstats:owner\": [B; 8B, -75B, 60B, 100B, 51B, 44B, 50B, -76B, -117B, 56B, -104B, 67B, 41B, 80B, 96B, 119B],\n    \"toolstats:time-created\": 1722915141655L\n}"}},{"v":3953,"type":"POINTED_DRIPSTONE"},{"v":3953,"type":"OBSIDIAN","amount":19},{"v":3953,"type":"CRYING_OBSIDIAN","amount":14},{"v":3953,"type":"MUTTON","amount":2},{"v":3953,"type":"TORCH","amount":2},{"v":3953,"type":"GOLDEN_CARROT","amount":48},{"v":3953,"type":"PAPER","meta":{"meta-type":"UNSPECIFIC","item-name":"{\"text\":\"Brunnera\",\"color\":\"#34D8EB\"}","custom-model-data":1005,"PublicBukkitValues":"{\n    \"oraxen:id\": \"brunnera\"\n}"}},{"v":3953,"type":"STRING","amount":2},{"v":3953,"type":"PAPER","meta":{"meta-type":"UNSPECIFIC","item-name":"{\"text\":\"Chair\",\"color\":\"gray\"}","custom-model-data":1010,"PublicBukkitValues":"{\n    \"oraxen:furniture\": 1b,\n    \"oraxen:id\": \"chair\"\n}"}},{"v":3953,"type":"PUMPKIN_PIE","amount":56},{"v":3953,"type":"BARRIER","amount":40},{"v":3953,"type":"PAPER","meta":{"meta-type":"UNSPECIFIC","item-name":"{\"text\":\"Coach\",\"color\":\"gray\"}","custom-model-data":1011,"PublicBukkitValues":"{\n    \"oraxen:furniture\": 1b,\n    \"oraxen:id\": \"coach\"\n}"}},{"v":3953,"type":"DRIPSTONE_BLOCK","amount":2},{"v":3953,"type":"BIRCH_PLANKS"},{"v":3953,"type":"WRITABLE_BOOK"},{"v":3953,"type":"STONE_PICKAXE","meta":{"meta-type":"UNSPECIFIC","item-name":"{\"text\":\"\",\"extra\":[{\"text\":\"B\",\"color\":\"#3685EC\"},{\"text\":\"e\",\"color\":\"#3A89EB\"},{\"text\":\"d\",\"color\":\"#3F8EEB\"},{\"text\":\"r\",\"color\":\"#4392EA\"},{\"text\":\"o\",\"color\":\"#4796EA\"},{\"text\":\"c\",\"color\":\"#4B9AE9\"},{\"text\":\"k\",\"color\":\"#509FE9\"},{\"text\":\" \",\"color\":\"#54A3E8\"},{\"text\":\"P\",\"color\":\"#58A7E7\"},{\"text\":\"i\",\"color\":\"#5DACE7\"},{\"text\":\"c\",\"color\":\"#61B0E6\"},{\"text\":\"k\",\"color\":\"#65B4E6\"},{\"text\":\"a\",\"color\":\"#69B8E5\"},{\"text\":\"x\",\"color\":\"#6EBDE5\"},{\"text\":\"e\",\"color\":\"#72C1E4\"}]}","lore":["{\"text\":\"\",\"extra\":[{\"text\":\"» \",\"obfuscated\":false,\"italic\":false,\"underlined\":false,\"strikethrough\":false,\"color\":\"#6F737D\",\"bold\":false},{\"text\":\"Mine bedrock blocks\",\"obfuscated\":false,\"italic\":false,\"underlined\":false,\"strikethrough\":false,\"color\":\"#D5D6D8\",\"bold\":false}]}","{\"text\":\"\",\"extra\":[{\"text\":\"Blocks mined: \",\"obfuscated\":false,\"italic\":false,\"underlined\":false,\"strikethrough\":false,\"color\":\"gray\",\"bold\":false},{\"text\":\"8\",\"italic\":false,\"color\":\"dark_gray\"}]}"],"custom-model-data":1000,"Damage":10,"max-damage":5000,"PublicBukkitValues":"{\n    \"oraxen:id\": \"bedrock_pickaxe\",\n    \"toolstats:generic-mined\": 8\n}"}}]}}}"
"2024-08-06T06:32:29Z";"DESTROY_CHEST";"{"chest":{"location":{"world":"world","x":68.0,"y":66.0,"z":710.0},"createdAt":1722925931226,"expireAt":1722926531226,"owner":{"name":"Lunar_VNW","op":true,"id":"08b53c64-332c-32b4-8b38-984329506077","entity-id":1086,"location":{"world":"world","x":69.97626738456658,"y":66.0,"z":710.6999999880791,"yaw":109.052895,"pitch":50.55002}},"isProtected":false,"inventory":{"type":"CHEST","size":36,"content":[]}},"reason":"BREAK","extra":{"player":{"name":"Lunar_VNW","op":true,"id":"08b53c64-332c-32b4-8b38-984329506077","entity-id":1086,"location":{"world":"world","x":69.97626738456658,"y":66.0,"z":710.6999999880791,"yaw":109.052895,"pitch":50.55002}}}}"
"2024-08-06T08:12:21Z";"CREATE_CHEST";"{"chest":{"location":{"world":"world","x":-88.0,"y":-35.0,"z":168.0},"createdAt":1722931941859,"expireAt":1722932541859,"owner":{"name":"hakaidiluc","op":false,"id":"8c0cfd1a-aca5-33d2-b11f-28759febd1e3","entity-id":3523,"location":{"world":"world","x":-87.38452226832658,"y":-35.0,"z":168.0359785753569,"yaw":8.699045,"pitch":7.199978}},"isProtected":false,"inventory":{"type":"CHEST","size":45,"content":[{"v":3953,"type":"DIRT","amount":64},{"v":3953,"type":"COBBLESTONE","amount":64},{"v":3953,"type":"WHEAT_SEEDS"},{"v":3953,"type":"DIAMOND_PICKAXE","meta":{"meta-type":"UNSPECIFIC","item-name":"{\"text\":\"\",\"extra\":[{\"text\":\"O\",\"color\":\"#3685EC\"},{\"text\":\"r\",\"color\":\"#3C8BEB\"},{\"text\":\"a\",\"color\":\"#4291EA\"},{\"text\":\"x\",\"color\":\"#4897EA\"},{\"text\":\" \",\"color\":\"#4E9DE9\"},{\"text\":\"H\",\"color\":\"#54A3E8\"},{\"text\":\"a\",\"color\":\"#5AA9E7\"},{\"text\":\"m\",\"color\":\"#60AFE6\"},{\"text\":\"m\",\"color\":\"#66B5E6\"},{\"text\":\"e\",\"color\":\"#6CBBE5\"},{\"text\":\"r\",\"color\":\"#72C1E4\"}]}","lore":["{\"text\":\"\",\"extra\":[{\"text\":\"» \",\"obfuscated\":false,\"italic\":false,\"underlined\":false,\"strikethrough\":false,\"color\":\"#6F737D\",\"bold\":false},{\"text\":\"Break 5x5x2 blocks\",\"obfuscated\":false,\"italic\":false,\"underlined\":false,\"strikethrough\":false,\"color\":\"#D5D6D8\",\"bold\":false}]}","{\"text\":\"\",\"extra\":[{\"text\":\"Blocks mined: \",\"obfuscated\":false,\"italic\":false,\"underlined\":false,\"strikethrough\":false,\"color\":\"gray\",\"bold\":false},{\"text\":\"4,092\",\"italic\":false,\"color\":\"dark_gray\"}]}"],"custom-model-data":1005,"Damage":82,"max-damage":4683,"PublicBukkitValues":"{\n    \"oraxen:id\": \"orax_hammer\",\n    \"toolstats:generic-mined\": 4092\n}"}},{"v":3953,"type":"GRAVEL","amount":55},{"v":3953,"type":"DIAMOND_SWORD","meta":{"meta-type":"UNSPECIFIC","item-name":"{\"text\":\"Octavia Sword\",\"color\":\"#D5D6D8\"}","lore":["{\"text\":\"\",\"extra\":[{\"text\":\"Mob kills: \",\"obfuscated\":false,\"italic\":false,\"underlined\":false,\"strikethrough\":false,\"color\":\"gray\",\"bold\":false},{\"text\":\"3\",\"italic\":false,\"color\":\"dark_gray\"}]}"],"custom-model-data":1009,"Damage":9,"max-damage":600,"PublicBukkitValues":"{\n    \"oraxen:id\": \"octavia_sword\",\n    \"toolstats:mob-kills\": 3\n}"}},{"v":3953,"type":"FLINT","amount":10},{"v":3953,"type":"COBBLESTONE","amount":64},{"v":3953,"type":"STICK","amount":32},{"v":3953,"type":"RAW_COPPER","amount":64},{"v":3953,"type":"DIRT","amount":64},{"v":3953,"type":"COBBLESTONE","amount":64},{"v":3953,"type":"COBBLESTONE","amount":64},{"v":3953,"type":"ANDESITE","amount":64},{"v":3953,"type":"COBBLESTONE","amount":64},{"v":3953,"type":"DIORITE","amount":64},{"v":3953,"type":"COAL","amount":5},{"v":3953,"type":"COBBLESTONE","amount":64},{"v":3953,"type":"ANDESITE","amount":62},{"v":3953,"type":"CLAY_BALL","amount":64},{"v":3953,"type":"RAW_COPPER","amount":14},{"v":3953,"type":"CLAY_BALL","amount":64},{"v":3953,"type":"COBBLESTONE","amount":64},{"v":3953,"type":"COBBLESTONE","amount":64},{"v":3953,"type":"RAW_GOLD","amount":7},{"v":3953,"type":"COBBLED_DEEPSLATE","amount":64},{"v":3953,"type":"COBBLED_DEEPSLATE","amount":64},{"v":3953,"type":"MOSS_BLOCK","amount":24},{"v":3953,"type":"DIAMOND","amount":4},{"v":3953,"type":"COBBLED_DEEPSLATE","amount":49},{"v":3953,"type":"REDSTONE","amount":5},{"v":3953,"type":"RAW_IRON","amount":8},{"v":3953,"type":"DIRT","amount":13},{"v":3953,"type":"CLAY_BALL","amount":38},{"v":3953,"type":"DIORITE","amount":28},{"v":3953,"type":"COOKIE","amount":40},{"v":3953,"type":"LEATHER_BOOTS","meta":{"meta-type":"COLORABLE_ARMOR","item-name":"{\"text\":\"\",\"extra\":[{\"text\":\"B\",\"color\":\"#4B36B1\"},{\"text\":\"o\",\"color\":\"#4E40B9\"},{\"text\":\"o\",\"color\":\"#504AC1\"},{\"text\":\"t\",\"color\":\"#5354C8\"},{\"text\":\"s\",\"color\":\"#565ED0\"},{\"text\":\" \",\"color\":\"#5968D8\"},{\"text\":\"B\",\"color\":\"#5B71E0\"},{\"text\":\"o\",\"color\":\"#5E7BE8\"},{\"text\":\"o\",\"color\":\"#6185EF\"},{\"text\":\"t\",\"color\":\"#638FF7\"},{\"text\":\"s\",\"color\":\"#6699FF\"}]}","lore":["{\"text\":\"\",\"extra\":[{\"text\":\"» \",\"obfuscated\":false,\"italic\":false,\"underlined\":false,\"strikethrough\":false,\"color\":\"#6F737D\",\"bold\":false},{\"text\":\"Ludicrous durability\",\"obfuscated\":false,\"italic\":false,\"underlined\":false,\"strikethrough\":false,\"color\":\"#D5D6D8\",\"bold\":false}]}","{\"text\":\"\",\"extra\":[{\"text\":\"Damage taken: \",\"obfuscated\":false,\"italic\":false,\"underlined\":false,\"strikethrough\":false,\"color\":\"gray\",\"bold\":false},{\"text\":\"62.04\",\"italic\":false,\"color\":\"dark_gray\"}]}"],"custom-model-data":1001,"enchants":{"minecraft:mending":1,"minecraft:protection":3,"minecraft:unbreaking":5},"attribute-modifiers":{"minecraft:generic.armor":[{}]},"Damage":6,"max-damage":5160,"PublicBukkitValues":"{\n    \"oraxen:id\": \"obsidian_boots\",\n    \"toolstats:damage-taken\": 62.03866672515869d,\n    \"toolstats:damage-taken-int\": 62\n}","color":{}}},{"v":3953,"type":"LEATHER_LEGGINGS","meta":{"meta-type":"COLORABLE_ARMOR","item-name":"{\"text\":\"\",\"extra\":[{\"text\":\"O\",\"color\":\"#4B36B1\"},{\"text\":\"b\",\"color\":\"#4D3CB6\"},{\"text\":\"s\",\"color\":\"#4E42BB\"},{\"text\":\"i\",\"color\":\"#5049C0\"},{\"text\":\"d\",\"color\":\"#524FC5\"},{\"text\":\"i\",\"color\":\"#5355C9\"},{\"text\":\"a\",\"color\":\"#555BCE\"},{\"text\":\"n\",\"color\":\"#5761D3\"},{\"text\":\" \",\"color\":\"#5968D8\"},{\"text\":\"L\",\"color\":\"#5A6EDD\"},{\"text\":\"e\",\"color\":\"#5C74E2\"},{\"text\":\"g\",\"color\":\"#5E7AE7\"},{\"text\":\"g\",\"color\":\"#5F80EC\"},{\"text\":\"i\",\"color\":\"#6186F0\"},{\"text\":\"n\",\"color\":\"#638DF5\"},{\"text\":\"g\",\"color\":\"#6493FA\"},{\"text\":\"s\",\"color\":\"#6699FF\"}]}","lore":["{\"text\":\"\",\"extra\":[{\"text\":\"» \",\"obfuscated\":false,\"italic\":false,\"underlined\":false,\"strikethrough\":false,\"color\":\"#6F737D\",\"bold\":false},{\"text\":\"Ludicrous durability\",\"obfuscated\":false,\"italic\":false,\"underlined\":false,\"strikethrough\":false,\"color\":\"#D5D6D8\",\"bold\":false}]}","{\"text\":\"\",\"extra\":[{\"text\":\"Damage taken: \",\"obfuscated\":false,\"italic\":false,\"underlined\":false,\"strikethrough\":false,\"color\":\"gray\",\"bold\":false},{\"text\":\"62.04\",\"italic\":false,\"color\":\"dark_gray\"}]}"],"custom-model-data":1001,"enchants":{"minecraft:mending":1,"minecraft:protection":3,"minecraft:unbreaking":5},"attribute-modifiers":{"minecraft:generic.armor":[{}]},"Damage":8,"max-damage":5950,"PublicBukkitValues":"{\n    \"oraxen:id\": \"obsidian_leggings\",\n    \"toolstats:damage-taken\": 62.03866672515869d,\n    \"toolstats:damage-taken-int\": 62\n}","color":{}}},{"v":3953,"type":"LEATHER_CHESTPLATE","meta":{"meta-type":"COLORABLE_ARMOR","item-name":"{\"text\":\"\",\"extra\":[{\"text\":\"O\",\"color\":\"#4B36B1\"},{\"text\":\"b\",\"color\":\"#4D3CB5\"},{\"text\":\"s\",\"color\":\"#4E41BA\"},{\"text\":\"i\",\"color\":\"#5047BE\"},{\"text\":\"d\",\"color\":\"#514CC2\"},{\"text\":\"i\",\"color\":\"#5352C7\"},{\"text\":\"a\",\"color\":\"#5457CB\"},{\"text\":\"n\",\"color\":\"#565DCF\"},{\"text\":\" \",\"color\":\"#5762D4\"},{\"text\":\"C\",\"color\":\"#5968D8\"},{\"text\":\"h\",\"color\":\"#5A6DDC\"},{\"text\":\"e\",\"color\":\"#5C73E1\"},{\"text\":\"s\",\"color\":\"#5D78E5\"},{\"text\":\"t\",\"color\":\"#5F7EE9\"},{\"text\":\"p\",\"color\":\"#6083EE\"},{\"text\":\"l\",\"color\":\"#6289F2\"},{\"text\":\"a\",\"color\":\"#638EF6\"},{\"text\":\"t\",\"color\":\"#6594FB\"},{\"text\":\"e\",\"color\":\"#6699FF\"}]}","lore":["{\"text\":\"\",\"extra\":[{\"text\":\"» \",\"obfuscated\":false,\"italic\":false,\"underlined\":false,\"strikethrough\":false,\"color\":\"#6F737D\",\"bold\":false},{\"text\":\"Ludicrous durability\",\"obfuscated\":false,\"italic\":false,\"underlined\":false,\"strikethrough\":false,\"color\":\"#D5D6D8\",\"bold\":false}]}","{\"text\":\"\",\"extra\":[{\"text\":\"Spawned on: \",\"obfuscated\":false,\"italic\":false,\"underlined\":false,\"strikethrough\":false,\"color\":\"gray\",\"bold\":false},{\"text\":\"8/06/2024\",\"italic\":false,\"color\":\"dark_gray\"}]}","{\"text\":\"\",\"extra\":[{\"text\":\"Spawned in by: \",\"obfuscated\":false,\"italic\":false,\"underlined\":false,\"strikethrough\":false,\"color\":\"gray\",\"bold\":false},{\"text\":\"Lunar_VNW\",\"italic\":false,\"color\":\"dark_gray\"}]}","{\"text\":\"\",\"extra\":[{\"text\":\"Damage taken: \",\"obfuscated\":false,\"italic\":false,\"underlined\":false,\"strikethrough\":false,\"color\":\"gray\",\"bold\":false},{\"text\":\"62.04\",\"italic\":false,\"color\":\"dark_gray\"}]}"],"custom-model-data":1001,"enchants":{"minecraft:mending":1,"minecraft:protection":3,"minecraft:unbreaking":5},"attribute-modifiers":{"minecraft:generic.armor":[{}]},"Damage":4,"max-damage":6350,"PublicBukkitValues":"{\n    \"oraxen:id\": \"obsidian_chestplate\",\n    \"toolstats:damage-taken\": 62.03866672515869d,\n    \"toolstats:damage-taken-int\": 62,\n    \"toolstats:hash\": \"2b0e6e44c95c95d0ae196236439c366dcede0db9bf5177663ba9dc2da6255958\",\n    \"toolstats:origin\": 6,\n    \"toolstats:owner\": [B; 8B, -75B, 60B, 100B, 51B, 44B, 50B, -76B, -117B, 56B, -104B, 67B, 41B, 80B, 96B, 119B],\n    \"toolstats:time-created\": 1722911425407L\n}","color":{}}},{"v":3953,"type":"LEATHER_HELMET","meta":{"meta-type":"COLORABLE_ARMOR","item-name":"{\"text\":\"\",\"extra\":[{\"text\":\"O\",\"color\":\"#4B36B1\"},{\"text\":\"b\",\"color\":\"#4D3DB7\"},{\"text\":\"s\",\"color\":\"#4F44BC\"},{\"text\":\"i\",\"color\":\"#514BC2\"},{\"text\":\"d\",\"color\":\"#5352C7\"},{\"text\":\"i\",\"color\":\"#5559CD\"},{\"text\":\"a\",\"color\":\"#5760D2\"},{\"text\":\"n\",\"color\":\"#5968D8\"},{\"text\":\" \",\"color\":\"#5A6FDE\"},{\"text\":\"H\",\"color\":\"#5C76E3\"},{\"text\":\"e\",\"color\":\"#5E7DE9\"},{\"text\":\"l\",\"color\":\"#6084EE\"},{\"text\":\"m\",\"color\":\"#628BF4\"},{\"text\":\"e\",\"color\":\"#6492F9\"},{\"text\":\"t\",\"color\":\"#6699FF\"}]}","lore":["{\"text\":\"\",\"extra\":[{\"text\":\"» \",\"obfuscated\":false,\"italic\":false,\"underlined\":false,\"strikethrough\":false,\"color\":\"#6F737D\",\"bold\":false},{\"text\":\"Ludicrous durability\",\"obfuscated\":false,\"italic\":false,\"underlined\":false,\"strikethrough\":false,\"color\":\"#D5D6D8\",\"bold\":false}]}","{\"text\":\"\",\"extra\":[{\"text\":\"Damage taken: \",\"obfuscated\":false,\"italic\":false,\"underlined\":false,\"strikethrough\":false,\"color\":\"gray\",\"bold\":false},{\"text\":\"62.04\",\"italic\":false,\"color\":\"dark_gray\"}]}"],"custom-model-data":1001,"enchants":{"minecraft:mending":1,"minecraft:protection":3,"minecraft:unbreaking":5},"attribute-modifiers":{"minecraft:generic.armor":[{}]},"Damage":5,"max-damage":4370,"PublicBukkitValues":"{\n    \"oraxen:id\": \"obsidian_helmet\",\n    \"toolstats:damage-taken\": 62.03866672515869d,\n    \"toolstats:damage-taken-int\": 62\n}","color":{}}},{"v":3953,"type":"SHIELD","meta":{"meta-type":"TILE_ENTITY","item-name":"{\"text\":\"\",\"extra\":[{\"text\":\"D\",\"color\":\"#F69D84\"},{\"text\":\"i\",\"color\":\"#F6A285\"},{\"text\":\"v\",\"color\":\"#F7A786\"},{\"text\":\"i\",\"color\":\"#F7AC86\"},{\"text\":\"n\",\"color\":\"#F7B187\"},{\"text\":\"e\",\"color\":\"#F8B688\"},{\"text\":\" \",\"color\":\"#F8BB89\"},{\"text\":\"S\",\"color\":\"#F8C089\"},{\"text\":\"h\",\"color\":\"#F9C58A\"},{\"text\":\"i\",\"color\":\"#F9CA8B\"},{\"text\":\"e\",\"color\":\"#F9CF8C\"},{\"text\":\"l\",\"color\":\"#FAD48C\"},{\"text\":\"d\",\"color\":\"#FAD98D\"}]}","custom-model-data":1000,"Damage":106,"PublicBukkitValues":"{\n    \"oraxen:id\": \"divine_shield\"\n}","blockMaterial":"SHIELD"}}]}}}"
"2024-08-06T08:13:36Z";"CREATE_CHEST";"{"chest":{"location":{"world":"world","x":-75.0,"y":-33.0,"z":185.0},"createdAt":1722932016105,"expireAt":1722932616105,"owner":{"name":"hakaidiluc","op":false,"id":"8c0cfd1a-aca5-33d2-b11f-28759febd1e3","entity-id":3523,"location":{"world":"world","x":-75.12170161866442,"y":-32.2468000194788,"z":184.31146201958188,"yaw":137.09857,"pitch":25.799995}},"isProtected":false,"inventory":{"type":"CHEST","size":18,"content":[{"v":3953,"type":"GUNPOWDER","amount":2},{"v":3953,"type":"MOSS_BLOCK"},{"v":3953,"type":"ROTTEN_FLESH","amount":6},{"v":3953,"type":"COOKIE","amount":37},{"v":3953,"type":"DIAMOND","amount":4},{"v":3953,"type":"DIAMOND_SWORD","meta":{"meta-type":"UNSPECIFIC","item-name":"{\"text\":\"Octavia Sword\",\"color\":\"#D5D6D8\"}","lore":["{\"text\":\"\",\"extra\":[{\"text\":\"Mob kills: \",\"obfuscated\":false,\"italic\":false,\"underlined\":false,\"strikethrough\":false,\"color\":\"gray\",\"bold\":false},{\"text\":\"8\",\"italic\":false,\"color\":\"dark_gray\"}]}"],"custom-model-data":1009,"Damage":31,"max-damage":600,"PublicBukkitValues":"{\n    \"oraxen:id\": \"octavia_sword\",\n    \"toolstats:mob-kills\": 8\n}"}},{"v":3953,"type":"DIAMOND_PICKAXE","meta":{"meta-type":"UNSPECIFIC","item-name":"{\"text\":\"\",\"extra\":[{\"text\":\"O\",\"color\":\"#3685EC\"},{\"text\":\"r\",\"color\":\"#3C8BEB\"},{\"text\":\"a\",\"color\":\"#4291EA\"},{\"text\":\"x\",\"color\":\"#4897EA\"},{\"text\":\" \",\"color\":\"#4E9DE9\"},{\"text\":\"H\",\"color\":\"#54A3E8\"},{\"text\":\"a\",\"color\":\"#5AA9E7\"},{\"text\":\"m\",\"color\":\"#60AFE6\"},{\"text\":\"m\",\"color\":\"#66B5E6\"},{\"text\":\"e\",\"color\":\"#6CBBE5\"},{\"text\":\"r\",\"color\":\"#72C1E4\"}]}","lore":["{\"text\":\"\",\"extra\":[{\"text\":\"» \",\"obfuscated\":false,\"italic\":false,\"underlined\":false,\"strikethrough\":false,\"color\":\"#6F737D\",\"bold\":false},{\"text\":\"Break 5x5x2 blocks\",\"obfuscated\":false,\"italic\":false,\"underlined\":false,\"strikethrough\":false,\"color\":\"#D5D6D8\",\"bold\":false}]}","{\"text\":\"\",\"extra\":[{\"text\":\"Blocks mined: \",\"obfuscated\":false,\"italic\":false,\"underlined\":false,\"strikethrough\":false,\"color\":\"gray\",\"bold\":false},{\"text\":\"4,092\",\"italic\":false,\"color\":\"dark_gray\"}]}"],"custom-model-data":1005,"Damage":84,"max-damage":4683,"PublicBukkitValues":"{\n    \"oraxen:id\": \"orax_hammer\",\n    \"toolstats:generic-mined\": 4092\n}"}},{"v":3953,"type":"LEATHER_BOOTS","meta":{"meta-type":"COLORABLE_ARMOR","item-name":"{\"text\":\"\",\"extra\":[{\"text\":\"B\",\"color\":\"#4B36B1\"},{\"text\":\"o\",\"color\":\"#4E40B9\"},{\"text\":\"o\",\"color\":\"#504AC1\"},{\"text\":\"t\",\"color\":\"#5354C8\"},{\"text\":\"s\",\"color\":\"#565ED0\"},{\"text\":\" \",\"color\":\"#5968D8\"},{\"text\":\"B\",\"color\":\"#5B71E0\"},{\"text\":\"o\",\"color\":\"#5E7BE8\"},{\"text\":\"o\",\"color\":\"#6185EF\"},{\"text\":\"t\",\"color\":\"#638FF7\"},{\"text\":\"s\",\"color\":\"#6699FF\"}]}","lore":["{\"text\":\"\",\"extra\":[{\"text\":\"» \",\"obfuscated\":false,\"italic\":false,\"underlined\":false,\"strikethrough\":false,\"color\":\"#6F737D\",\"bold\":false},{\"text\":\"Ludicrous durability\",\"obfuscated\":false,\"italic\":false,\"underlined\":false,\"strikethrough\":false,\"color\":\"#D5D6D8\",\"bold\":false}]}","{\"text\":\"\",\"extra\":[{\"text\":\"Damage taken: \",\"obfuscated\":false,\"italic\":false,\"underlined\":false,\"strikethrough\":false,\"color\":\"gray\",\"bold\":false},{\"text\":\"130.58\",\"italic\":false,\"color\":\"dark_gray\"}]}"],"custom-model-data":1001,"enchants":{"minecraft:mending":1,"minecraft:protection":3,"minecraft:unbreaking":5},"attribute-modifiers":{"minecraft:generic.armor":[{}]},"Damage":26,"max-damage":5160,"PublicBukkitValues":"{\n    \"oraxen:id\": \"obsidian_boots\",\n    \"toolstats:damage-taken\": 130.57707357406616d,\n    \"toolstats:damage-taken-int\": 130\n}","color":{}}},{"v":3953,"type":"LEATHER_LEGGINGS","meta":{"meta-type":"COLORABLE_ARMOR","item-name":"{\"text\":\"\",\"extra\":[{\"text\":\"O\",\"color\":\"#4B36B1\"},{\"text\":\"b\",\"color\":\"#4D3CB6\"},{\"text\":\"s\",\"color\":\"#4E42BB\"},{\"text\":\"i\",\"color\":\"#5049C0\"},{\"text\":\"d\",\"color\":\"#524FC5\"},{\"text\":\"i\",\"color\":\"#5355C9\"},{\"text\":\"a\",\"color\":\"#555BCE\"},{\"text\":\"n\",\"color\":\"#5761D3\"},{\"text\":\" \",\"color\":\"#5968D8\"},{\"text\":\"L\",\"color\":\"#5A6EDD\"},{\"text\":\"e\",\"color\":\"#5C74E2\"},{\"text\":\"g\",\"color\":\"#5E7AE7\"},{\"text\":\"g\",\"color\":\"#5F80EC\"},{\"text\":\"i\",\"color\":\"#6186F0\"},{\"text\":\"n\",\"color\":\"#638DF5\"},{\"text\":\"g\",\"color\":\"#6493FA\"},{\"text\":\"s\",\"color\":\"#6699FF\"}]}","lore":["{\"text\":\"\",\"extra\":[{\"text\":\"» \",\"obfuscated\":false,\"italic\":false,\"underlined\":false,\"strikethrough\":false,\"color\":\"#6F737D\",\"bold\":false},{\"text\":\"Ludicrous durability\",\"obfuscated\":false,\"italic\":false,\"underlined\":false,\"strikethrough\":false,\"color\":\"#D5D6D8\",\"bold\":false}]}","{\"text\":\"\",\"extra\":[{\"text\":\"Damage taken: \",\"obfuscated\":false,\"italic\":false,\"underlined\":false,\"strikethrough\":false,\"color\":\"gray\",\"bold\":false},{\"text\":\"130.58\",\"italic\":false,\"color\":\"dark_gray\"}]}"],"custom-model-data":1001,"enchants":{"minecraft:mending":1,"minecraft:protection":3,"minecraft:unbreaking":5},"attribute-modifiers":{"minecraft:generic.armor":[{}]},"Damage":20,"max-damage":5950,"PublicBukkitValues":"{\n    \"oraxen:id\": \"obsidian_leggings\",\n    \"toolstats:damage-taken\": 130.57707357406616d,\n    \"toolstats:damage-taken-int\": 130\n}","color":{}}},{"v":3953,"type":"LEATHER_CHESTPLATE","meta":{"meta-type":"COLORABLE_ARMOR","item-name":"{\"text\":\"\",\"extra\":[{\"text\":\"O\",\"color\":\"#4B36B1\"},{\"text\":\"b\",\"color\":\"#4D3CB5\"},{\"text\":\"s\",\"color\":\"#4E41BA\"},{\"text\":\"i\",\"color\":\"#5047BE\"},{\"text\":\"d\",\"color\":\"#514CC2\"},{\"text\":\"i\",\"color\":\"#5352C7\"},{\"text\":\"a\",\"color\":\"#5457CB\"},{\"text\":\"n\",\"color\":\"#565DCF\"},{\"text\":\" \",\"color\":\"#5762D4\"},{\"text\":\"C\",\"color\":\"#5968D8\"},{\"text\":\"h\",\"color\":\"#5A6DDC\"},{\"text\":\"e\",\"color\":\"#5C73E1\"},{\"text\":\"s\",\"color\":\"#5D78E5\"},{\"text\":\"t\",\"color\":\"#5F7EE9\"},{\"text\":\"p\",\"color\":\"#6083EE\"},{\"text\":\"l\",\"color\":\"#6289F2\"},{\"text\":\"a\",\"color\":\"#638EF6\"},{\"text\":\"t\",\"color\":\"#6594FB\"},{\"text\":\"e\",\"color\":\"#6699FF\"}]}","lore":["{\"text\":\"\",\"extra\":[{\"text\":\"» \",\"obfuscated\":false,\"italic\":false,\"underlined\":false,\"strikethrough\":false,\"color\":\"#6F737D\",\"bold\":false},{\"text\":\"Ludicrous durability\",\"obfuscated\":false,\"italic\":false,\"underlined\":false,\"strikethrough\":false,\"color\":\"#D5D6D8\",\"bold\":false}]}","{\"text\":\"\",\"extra\":[{\"text\":\"Spawned on: \",\"obfuscated\":false,\"italic\":false,\"underlined\":false,\"strikethrough\":false,\"color\":\"gray\",\"bold\":false},{\"text\":\"8/06/2024\",\"italic\":false,\"color\":\"dark_gray\"}]}","{\"text\":\"\",\"extra\":[{\"text\":\"Spawned in by: \",\"obfuscated\":false,\"italic\":false,\"underlined\":false,\"strikethrough\":false,\"color\":\"gray\",\"bold\":false},{\"text\":\"Lunar_VNW\",\"italic\":false,\"color\":\"dark_gray\"}]}","{\"text\":\"\",\"extra\":[{\"text\":\"Damage taken: \",\"obfuscated\":false,\"italic\":false,\"underlined\":false,\"strikethrough\":false,\"color\":\"gray\",\"bold\":false},{\"text\":\"130.58\",\"italic\":false,\"color\":\"dark_gray\"}]}"],"custom-model-data":1001,"enchants":{"minecraft:mending":1,"minecraft:protection":3,"minecraft:unbreaking":5},"attribute-modifiers":{"minecraft:generic.armor":[{}]},"Damage":16,"max-damage":6350,"PublicBukkitValues":"{\n    \"oraxen:id\": \"obsidian_chestplate\",\n    \"toolstats:damage-taken\": 130.57707357406616d,\n    \"toolstats:damage-taken-int\": 130,\n    \"toolstats:hash\": \"2b0e6e44c95c95d0ae196236439c366dcede0db9bf5177663ba9dc2da6255958\",\n    \"toolstats:origin\": 6,\n    \"toolstats:owner\": [B; 8B, -75B, 60B, 100B, 51B, 44B, 50B, -76B, -117B, 56B, -104B, 67B, 41B, 80B, 96B, 119B],\n    \"toolstats:time-created\": 1722911425407L\n}","color":{}}},{"v":3953,"type":"LEATHER_HELMET","meta":{"meta-type":"COLORABLE_ARMOR","item-name":"{\"text\":\"\",\"extra\":[{\"text\":\"O\",\"color\":\"#4B36B1\"},{\"text\":\"b\",\"color\":\"#4D3DB7\"},{\"text\":\"s\",\"color\":\"#4F44BC\"},{\"text\":\"i\",\"color\":\"#514BC2\"},{\"text\":\"d\",\"color\":\"#5352C7\"},{\"text\":\"i\",\"color\":\"#5559CD\"},{\"text\":\"a\",\"color\":\"#5760D2\"},{\"text\":\"n\",\"color\":\"#5968D8\"},{\"text\":\" \",\"color\":\"#5A6FDE\"},{\"text\":\"H\",\"color\":\"#5C76E3\"},{\"text\":\"e\",\"color\":\"#5E7DE9\"},{\"text\":\"l\",\"color\":\"#6084EE\"},{\"text\":\"m\",\"color\":\"#628BF4\"},{\"text\":\"e\",\"color\":\"#6492F9\"},{\"text\":\"t\",\"color\":\"#6699FF\"}]}","lore":["{\"text\":\"\",\"extra\":[{\"text\":\"» \",\"obfuscated\":false,\"italic\":false,\"underlined\":false,\"strikethrough\":false,\"color\":\"#6F737D\",\"bold\":false},{\"text\":\"Ludicrous durability\",\"obfuscated\":false,\"italic\":false,\"underlined\":false,\"strikethrough\":false,\"color\":\"#D5D6D8\",\"bold\":false}]}","{\"text\":\"\",\"extra\":[{\"text\":\"Damage taken: \",\"obfuscated\":false,\"italic\":false,\"underlined\":false,\"strikethrough\":false,\"color\":\"gray\",\"bold\":false},{\"text\":\"130.58\",\"italic\":false,\"color\":\"dark_gray\"}]}"],"custom-model-data":1001,"enchants":{"minecraft:mending":1,"minecraft:protection":3,"minecraft:unbreaking":5},"attribute-modifiers":{"minecraft:generic.armor":[{}]},"Damage":8,"max-damage":4370,"PublicBukkitValues":"{\n    \"oraxen:id\": \"obsidian_helmet\",\n    \"toolstats:damage-taken\": 130.57707357406616d,\n    \"toolstats:damage-taken-int\": 130\n}","color":{}}},{"v":3953,"type":"SHIELD","meta":{"meta-type":"TILE_ENTITY","item-name":"{\"text\":\"\",\"extra\":[{\"text\":\"D\",\"color\":\"#F69D84\"},{\"text\":\"i\",\"color\":\"#F6A285\"},{\"text\":\"v\",\"color\":\"#F7A786\"},{\"text\":\"i\",\"color\":\"#F7AC86\"},{\"text\":\"n\",\"color\":\"#F7B187\"},{\"text\":\"e\",\"color\":\"#F8B688\"},{\"text\":\" \",\"color\":\"#F8BB89\"},{\"text\":\"S\",\"color\":\"#F8C089\"},{\"text\":\"h\",\"color\":\"#F9C58A\"},{\"text\":\"i\",\"color\":\"#F9CA8B\"},{\"text\":\"e\",\"color\":\"#F9CF8C\"},{\"text\":\"l\",\"color\":\"#FAD48C\"},{\"text\":\"d\",\"color\":\"#FAD98D\"}]}","custom-model-data":1000,"Damage":141,"PublicBukkitValues":"{\n    \"oraxen:id\": \"divine_shield\"\n}","blockMaterial":"SHIELD"}}]}}}"
"2024-08-06T08:13:49Z";"DESTROY_CHEST";"{"chest":{"location":{"world":"world","x":-75.0,"y":-33.0,"z":185.0},"createdAt":1722932016105,"expireAt":1722932616105,"owner":{"name":"hakaidiluc","op":false,"id":"8c0cfd1a-aca5-33d2-b11f-28759febd1e3","entity-id":3523,"location":{"world":"world","x":-76.15808769740383,"y":-33.0,"z":184.42950465571707,"yaw":-63.15146,"pitch":34.64999}},"isProtected":false,"inventory":{"type":"CHEST","size":18,"content":[]}},"reason":"PLAYER","extra":{"player":{"name":"hakaidiluc","op":false,"id":"8c0cfd1a-aca5-33d2-b11f-28759febd1e3","entity-id":3523,"location":{"world":"world","x":-76.15808769740383,"y":-33.0,"z":184.42950465571707,"yaw":-63.15146,"pitch":34.64999}}}}"
"2024-08-06T08:15:02Z";"CREATE_CHEST";"{"chest":{"location":{"world":"world","x":-81.0,"y":-35.0,"z":166.0},"createdAt":1722932102460,"expireAt":1722932702460,"owner":{"name":"hakaidiluc","op":false,"id":"8c0cfd1a-aca5-33d2-b11f-28759febd1e3","entity-id":3523,"location":{"world":"world","x":-80.30000001192093,"y":-35.0,"z":165.81400877562035,"yaw":77.54846,"pitch":29.99997}},"isProtected":false,"inventory":{"type":"CHEST","size":18,"content":[{"v":3953,"type":"TROPICAL_FISH"},{"v":3953,"type":"COOKIE","amount":37},{"v":3953,"type":"MOSS_BLOCK","amount":14},{"v":3953,"type":"GUNPOWDER","amount":2},{"v":3953,"type":"ROTTEN_FLESH","amount":8},{"v":3953,"type":"DIAMOND","amount":4},{"v":3953,"type":"DIAMOND_SWORD","meta":{"meta-type":"UNSPECIFIC","item-name":"{\"text\":\"Octavia Sword\",\"color\":\"#D5D6D8\"}","lore":["{\"text\":\"\",\"extra\":[{\"text\":\"Mob kills: \",\"obfuscated\":false,\"italic\":false,\"underlined\":false,\"strikethrough\":false,\"color\":\"gray\",\"bold\":false},{\"text\":\"9\",\"italic\":false,\"color\":\"dark_gray\"}]}"],"custom-model-data":1009,"Damage":36,"max-damage":600,"PublicBukkitValues":"{\n    \"oraxen:id\": \"octavia_sword\",\n    \"toolstats:mob-kills\": 9\n}"}},{"v":3953,"type":"DIAMOND_PICKAXE","meta":{"meta-type":"UNSPECIFIC","item-name":"{\"text\":\"\",\"extra\":[{\"text\":\"O\",\"color\":\"#3685EC\"},{\"text\":\"r\",\"color\":\"#3C8BEB\"},{\"text\":\"a\",\"color\":\"#4291EA\"},{\"text\":\"x\",\"color\":\"#4897EA\"},{\"text\":\" \",\"color\":\"#4E9DE9\"},{\"text\":\"H\",\"color\":\"#54A3E8\"},{\"text\":\"a\",\"color\":\"#5AA9E7\"},{\"text\":\"m\",\"color\":\"#60AFE6\"},{\"text\":\"m\",\"color\":\"#66B5E6\"},{\"text\":\"e\",\"color\":\"#6CBBE5\"},{\"text\":\"r\",\"color\":\"#72C1E4\"}]}","lore":["{\"text\":\"\",\"extra\":[{\"text\":\"» \",\"obfuscated\":false,\"italic\":false,\"underlined\":false,\"strikethrough\":false,\"color\":\"#6F737D\",\"bold\":false},{\"text\":\"Break 5x5x2 blocks\",\"obfuscated\":false,\"italic\":false,\"underlined\":false,\"strikethrough\":false,\"color\":\"#D5D6D8\",\"bold\":false}]}","{\"text\":\"\",\"extra\":[{\"text\":\"Blocks mined: \",\"obfuscated\":false,\"italic\":false,\"underlined\":false,\"strikethrough\":false,\"color\":\"gray\",\"bold\":false},{\"text\":\"4,292\",\"italic\":false,\"color\":\"dark_gray\"}]}"],"custom-model-data":1005,"Damage":86,"max-damage":4683,"PublicBukkitValues":"{\n    \"oraxen:id\": \"orax_hammer\",\n    \"toolstats:generic-mined\": 4292\n}"}},{"v":3953,"type":"MOSS_CARPET","amount":6},{"v":3953,"type":"CLAY_BALL","amount":54},{"v":3953,"type":"COBBLED_DEEPSLATE","amount":64},{"v":3953,"type":"AZALEA"},{"v":3953,"type":"COBBLED_DEEPSLATE","amount":19},{"v":3953,"type":"LEATHER_BOOTS","meta":{"meta-type":"COLORABLE_ARMOR","item-name":"{\"text\":\"\",\"extra\":[{\"text\":\"B\",\"color\":\"#4B36B1\"},{\"text\":\"o\",\"color\":\"#4E40B9\"},{\"text\":\"o\",\"color\":\"#504AC1\"},{\"text\":\"t\",\"color\":\"#5354C8\"},{\"text\":\"s\",\"color\":\"#565ED0\"},{\"text\":\" \",\"color\":\"#5968D8\"},{\"text\":\"B\",\"color\":\"#5B71E0\"},{\"text\":\"o\",\"color\":\"#5E7BE8\"},{\"text\":\"o\",\"color\":\"#6185EF\"},{\"text\":\"t\",\"color\":\"#638FF7\"},{\"text\":\"s\",\"color\":\"#6699FF\"}]}","lore":["{\"text\":\"\",\"extra\":[{\"text\":\"» \",\"obfuscated\":false,\"italic\":false,\"underlined\":false,\"strikethrough\":false,\"color\":\"#6F737D\",\"bold\":false},{\"text\":\"Ludicrous durability\",\"obfuscated\":false,\"italic\":false,\"underlined\":false,\"strikethrough\":false,\"color\":\"#D5D6D8\",\"bold\":false}]}","{\"text\":\"\",\"extra\":[{\"text\":\"Damage taken: \",\"obfuscated\":false,\"italic\":false,\"underlined\":false,\"strikethrough\":false,\"color\":\"gray\",\"bold\":false},{\"text\":\"183.76\",\"italic\":false,\"color\":\"dark_gray\"}]}"],"custom-model-data":1001,"enchants":{"minecraft:mending":1,"minecraft:protection":3,"minecraft:unbreaking":5},"attribute-modifiers":{"minecraft:generic.armor":[{}]},"Damage":32,"max-damage":5160,"PublicBukkitValues":"{\n    \"oraxen:id\": \"obsidian_boots\",\n    \"toolstats:damage-taken\": 183.75814366340637d,\n    \"toolstats:damage-taken-int\": 183\n}","color":{}}},{"v":3953,"type":"LEATHER_LEGGINGS","meta":{"meta-type":"COLORABLE_ARMOR","item-name":"{\"text\":\"\",\"extra\":[{\"text\":\"O\",\"color\":\"#4B36B1\"},{\"text\":\"b\",\"color\":\"#4D3CB6\"},{\"text\":\"s\",\"color\":\"#4E42BB\"},{\"text\":\"i\",\"color\":\"#5049C0\"},{\"text\":\"d\",\"color\":\"#524FC5\"},{\"text\":\"i\",\"color\":\"#5355C9\"},{\"text\":\"a\",\"color\":\"#555BCE\"},{\"text\":\"n\",\"color\":\"#5761D3\"},{\"text\":\" \",\"color\":\"#5968D8\"},{\"text\":\"L\",\"color\":\"#5A6EDD\"},{\"text\":\"e\",\"color\":\"#5C74E2\"},{\"text\":\"g\",\"color\":\"#5E7AE7\"},{\"text\":\"g\",\"color\":\"#5F80EC\"},{\"text\":\"i\",\"color\":\"#6186F0\"},{\"text\":\"n\",\"color\":\"#638DF5\"},{\"text\":\"g\",\"color\":\"#6493FA\"},{\"text\":\"s\",\"color\":\"#6699FF\"}]}","lore":["{\"text\":\"\",\"extra\":[{\"text\":\"» \",\"obfuscated\":false,\"italic\":false,\"underlined\":false,\"strikethrough\":false,\"color\":\"#6F737D\",\"bold\":false},{\"text\":\"Ludicrous durability\",\"obfuscated\":false,\"italic\":false,\"underlined\":false,\"strikethrough\":false,\"color\":\"#D5D6D8\",\"bold\":false}]}","{\"text\":\"\",\"extra\":[{\"text\":\"Damage taken: \",\"obfuscated\":false,\"italic\":false,\"underlined\":false,\"strikethrough\":false,\"color\":\"gray\",\"bold\":false},{\"text\":\"183.76\",\"italic\":false,\"color\":\"dark_gray\"}]}"],"custom-model-data":1001,"enchants":{"minecraft:mending":1,"minecraft:protection":3,"minecraft:unbreaking":5},"attribute-modifiers":{"minecraft:generic.armor":[{}]},"Damage":28,"max-damage":5950,"PublicBukkitValues":"{\n    \"oraxen:id\": \"obsidian_leggings\",\n    \"toolstats:damage-taken\": 183.75814366340637d,\n    \"toolstats:damage-taken-int\": 183\n}","color":{}}},{"v":3953,"type":"LEATHER_CHESTPLATE","meta":{"meta-type":"COLORABLE_ARMOR","item-name":"{\"text\":\"\",\"extra\":[{\"text\":\"O\",\"color\":\"#4B36B1\"},{\"text\":\"b\",\"color\":\"#4D3CB5\"},{\"text\":\"s\",\"color\":\"#4E41BA\"},{\"text\":\"i\",\"color\":\"#5047BE\"},{\"text\":\"d\",\"color\":\"#514CC2\"},{\"text\":\"i\",\"color\":\"#5352C7\"},{\"text\":\"a\",\"color\":\"#5457CB\"},{\"text\":\"n\",\"color\":\"#565DCF\"},{\"text\":\" \",\"color\":\"#5762D4\"},{\"text\":\"C\",\"color\":\"#5968D8\"},{\"text\":\"h\",\"color\":\"#5A6DDC\"},{\"text\":\"e\",\"color\":\"#5C73E1\"},{\"text\":\"s\",\"color\":\"#5D78E5\"},{\"text\":\"t\",\"color\":\"#5F7EE9\"},{\"text\":\"p\",\"color\":\"#6083EE\"},{\"text\":\"l\",\"color\":\"#6289F2\"},{\"text\":\"a\",\"color\":\"#638EF6\"},{\"text\":\"t\",\"color\":\"#6594FB\"},{\"text\":\"e\",\"color\":\"#6699FF\"}]}","lore":["{\"text\":\"\",\"extra\":[{\"text\":\"» \",\"obfuscated\":false,\"italic\":false,\"underlined\":false,\"strikethrough\":false,\"color\":\"#6F737D\",\"bold\":false},{\"text\":\"Ludicrous durability\",\"obfuscated\":false,\"italic\":false,\"underlined\":false,\"strikethrough\":false,\"color\":\"#D5D6D8\",\"bold\":false}]}","{\"text\":\"\",\"extra\":[{\"text\":\"Spawned on: \",\"obfuscated\":false,\"italic\":false,\"underlined\":false,\"strikethrough\":false,\"color\":\"gray\",\"bold\":false},{\"text\":\"8/06/2024\",\"italic\":false,\"color\":\"dark_gray\"}]}","{\"text\":\"\",\"extra\":[{\"text\":\"Spawned in by: \",\"obfuscated\":false,\"italic\":false,\"underlined\":false,\"strikethrough\":false,\"color\":\"gray\",\"bold\":false},{\"text\":\"Lunar_VNW\",\"italic\":false,\"color\":\"dark_gray\"}]}","{\"text\":\"\",\"extra\":[{\"text\":\"Damage taken: \",\"obfuscated\":false,\"italic\":false,\"underlined\":false,\"strikethrough\":false,\"color\":\"gray\",\"bold\":false},{\"text\":\"183.76\",\"italic\":false,\"color\":\"dark_gray\"}]}"],"custom-model-data":1001,"enchants":{"minecraft:mending":1,"minecraft:protection":3,"minecraft:unbreaking":5},"attribute-modifiers":{"minecraft:generic.armor":[{}]},"Damage":29,"max-damage":6350,"PublicBukkitValues":"{\n    \"oraxen:id\": \"obsidian_chestplate\",\n    \"toolstats:damage-taken\": 183.75814366340637d,\n    \"toolstats:damage-taken-int\": 183,\n    \"toolstats:hash\": \"2b0e6e44c95c95d0ae196236439c366dcede0db9bf5177663ba9dc2da6255958\",\n    \"toolstats:origin\": 6,\n    \"toolstats:owner\": [B; 8B, -75B, 60B, 100B, 51B, 44B, 50B, -76B, -117B, 56B, -104B, 67B, 41B, 80B, 96B, 119B],\n    \"toolstats:time-created\": 1722911425407L\n}","color":{}}},{"v":3953,"type":"LEATHER_HELMET","meta":{"meta-type":"COLORABLE_ARMOR","item-name":"{\"text\":\"\",\"extra\":[{\"text\":\"O\",\"color\":\"#4B36B1\"},{\"text\":\"b\",\"color\":\"#4D3DB7\"},{\"text\":\"s\",\"color\":\"#4F44BC\"},{\"text\":\"i\",\"color\":\"#514BC2\"},{\"text\":\"d\",\"color\":\"#5352C7\"},{\"text\":\"i\",\"color\":\"#5559CD\"},{\"text\":\"a\",\"color\":\"#5760D2\"},{\"text\":\"n\",\"color\":\"#5968D8\"},{\"text\":\" \",\"color\":\"#5A6FDE\"},{\"text\":\"H\",\"color\":\"#5C76E3\"},{\"text\":\"e\",\"color\":\"#5E7DE9\"},{\"text\":\"l\",\"color\":\"#6084EE\"},{\"text\":\"m\",\"color\":\"#628BF4\"},{\"text\":\"e\",\"color\":\"#6492F9\"},{\"text\":\"t\",\"color\":\"#6699FF\"}]}","lore":["{\"text\":\"\",\"extra\":[{\"text\":\"» \",\"obfuscated\":false,\"italic\":false,\"underlined\":false,\"strikethrough\":false,\"color\":\"#6F737D\",\"bold\":false},{\"text\":\"Ludicrous durability\",\"obfuscated\":false,\"italic\":false,\"underlined\":false,\"strikethrough\":false,\"color\":\"#D5D6D8\",\"bold\":false}]}","{\"text\":\"\",\"extra\":[{\"text\":\"Damage taken: \",\"obfuscated\":false,\"italic\":false,\"underlined\":false,\"strikethrough\":false,\"color\":\"gray\",\"bold\":false},{\"text\":\"183.76\",\"italic\":false,\"color\":\"dark_gray\"}]}"],"custom-model-data":1001,"enchants":{"minecraft:mending":1,"minecraft:protection":3,"minecraft:unbreaking":5},"attribute-modifiers":{"minecraft:generic.armor":[{}]},"Damage":19,"max-damage":4370,"PublicBukkitValues":"{\n    \"oraxen:id\": \"obsidian_helmet\",\n    \"toolstats:damage-taken\": 183.75814366340637d,\n    \"toolstats:damage-taken-int\": 183\n}","color":{}}},{"v":3953,"type":"SHIELD","meta":{"meta-type":"TILE_ENTITY","item-name":"{\"text\":\"\",\"extra\":[{\"text\":\"D\",\"color\":\"#F69D84\"},{\"text\":\"i\",\"color\":\"#F6A285\"},{\"text\":\"v\",\"color\":\"#F7A786\"},{\"text\":\"i\",\"color\":\"#F7AC86\"},{\"text\":\"n\",\"color\":\"#F7B187\"},{\"text\":\"e\",\"color\":\"#F8B688\"},{\"text\":\" \",\"color\":\"#F8BB89\"},{\"text\":\"S\",\"color\":\"#F8C089\"},{\"text\":\"h\",\"color\":\"#F9C58A\"},{\"text\":\"i\",\"color\":\"#F9CA8B\"},{\"text\":\"e\",\"color\":\"#F9CF8C\"},{\"text\":\"l\",\"color\":\"#FAD48C\"},{\"text\":\"d\",\"color\":\"#FAD98D\"}]}","custom-model-data":1000,"Damage":146,"PublicBukkitValues":"{\n    \"oraxen:id\": \"divine_shield\"\n}","blockMaterial":"SHIELD"}}]}}}"
"2024-08-06T08:15:49Z";"DESTROY_CHEST";"{"chest":{"location":{"world":"world","x":-81.0,"y":-35.0,"z":166.0},"createdAt":1722932102460,"expireAt":1722932702460,"owner":{"name":"hakaidiluc","op":false,"id":"8c0cfd1a-aca5-33d2-b11f-28759febd1e3","entity-id":3523,"location":{"world":"world","x":-81.16044230660474,"y":-37.0,"z":163.9739585301866,"yaw":35.54825,"pitch":-3.1499958}},"isProtected":false,"inventory":{"type":"CHEST","size":18,"content":[]}},"reason":"BREAK","extra":{"player":{"name":"hakaidiluc","op":false,"id":"8c0cfd1a-aca5-33d2-b11f-28759febd1e3","entity-id":3523,"location":{"world":"world","x":-81.16044230660474,"y":-37.0,"z":163.9739585301866,"yaw":35.54825,"pitch":-3.1499958}}}}"
"2024-08-06T08:18:00Z";"CREATE_CHEST";"{"chest":{"location":{"world":"world","x":-47.0,"y":-14.0,"z":41.0},"createdAt":1722932280276,"expireAt":1722932880276,"owner":{"name":"hakaidiluc","op":false,"id":"8c0cfd1a-aca5-33d2-b11f-28759febd1e3","entity-id":3523,"location":{"world":"world","x":-46.30000001192093,"y":-14.0,"z":41.30000001192093,"yaw":79.64685,"pitch":34.349953}},"isProtected":false,"inventory":{"type":"CHEST","size":45,"content":[{"v":3953,"type":"COOKIE","amount":37},{"v":3953,"type":"MOSS_CARPET"},{"v":3953,"type":"DIAMOND","amount":7},{"v":3953,"type":"DIAMOND_PICKAXE","meta":{"meta-type":"UNSPECIFIC","item-name":"{\"text\":\"\",\"extra\":[{\"text\":\"O\",\"color\":\"#3685EC\"},{\"text\":\"r\",\"color\":\"#3C8BEB\"},{\"text\":\"a\",\"color\":\"#4291EA\"},{\"text\":\"x\",\"color\":\"#4897EA\"},{\"text\":\" \",\"color\":\"#4E9DE9\"},{\"text\":\"H\",\"color\":\"#54A3E8\"},{\"text\":\"a\",\"color\":\"#5AA9E7\"},{\"text\":\"m\",\"color\":\"#60AFE6\"},{\"text\":\"m\",\"color\":\"#66B5E6\"},{\"text\":\"e\",\"color\":\"#6CBBE5\"},{\"text\":\"r\",\"color\":\"#72C1E4\"}]}","lore":["{\"text\":\"\",\"extra\":[{\"text\":\"» \",\"obfuscated\":false,\"italic\":false,\"underlined\":false,\"strikethrough\":false,\"color\":\"#6F737D\",\"bold\":false},{\"text\":\"Break 5x5x2 blocks\",\"obfuscated\":false,\"italic\":false,\"underlined\":false,\"strikethrough\":false,\"color\":\"#D5D6D8\",\"bold\":false}]}","{\"text\":\"\",\"extra\":[{\"text\":\"Blocks mined: \",\"obfuscated\":false,\"italic\":false,\"underlined\":false,\"strikethrough\":false,\"color\":\"gray\",\"bold\":false},{\"text\":\"6,191\",\"italic\":false,\"color\":\"dark_gray\"}]}"],"custom-model-data":1005,"Damage":124,"max-damage":4683,"PublicBukkitValues":"{\n    \"oraxen:id\": \"orax_hammer\",\n    \"toolstats:generic-mined\": 6191\n}"}},{"v":3953,"type":"COBBLED_DEEPSLATE","amount":64},{"v":3953,"type":"COBBLED_DEEPSLATE","amount":64},{"v":3953,"type":"REDSTONE","amount":9},{"v":3953,"type":"COBBLESTONE","amount":64},{"v":3953,"type":"TUFF","amount":64},{"v":3953,"type":"TUFF","amount":34},{"v":3953,"type":"TROPICAL_FISH"},{"v":3953,"type":"MOSS_BLOCK","amount":14},{"v":3953,"type":"GUNPOWDER","amount":2},{"v":3953,"type":"AZALEA"},{"v":3953,"type":"ROTTEN_FLESH","amount":8},{"v":3953,"type":"COBBLED_DEEPSLATE","amount":64},{"v":3953,"type":"RAW_IRON","amount":5},{"v":3953,"type":"COBBLED_DEEPSLATE","amount":64},{"v":3953,"type":"COBBLED_DEEPSLATE","amount":64},{"v":3953,"type":"LAPIS_LAZULI","amount":46},{"v":3953,"type":"COBBLED_DEEPSLATE","amount":64},{"v":3953,"type":"COBBLED_DEEPSLATE","amount":64},{"v":3953,"type":"RAW_COPPER","amount":40},{"v":3953,"type":"COBBLED_DEEPSLATE","amount":64},{"v":3953,"type":"COBBLED_DEEPSLATE","amount":64},{"v":3953,"type":"COBBLED_DEEPSLATE","amount":64},{"v":3953,"type":"COBBLED_DEEPSLATE","amount":64},{"v":3953,"type":"COBBLED_DEEPSLATE","amount":64},{"v":3953,"type":"RAW_GOLD","amount":7},{"v":3953,"type":"COBBLED_DEEPSLATE","amount":64},{"v":3953,"type":"GRAVEL","amount":39},{"v":3953,"type":"FLINT","amount":4},{"v":3953,"type":"CLAY_BALL","amount":44},{"v":3953,"type":"COBBLED_DEEPSLATE","amount":64},{"v":3953,"type":"COBBLED_DEEPSLATE","amount":64},{"v":3953,"type":"LEATHER_BOOTS","meta":{"meta-type":"COLORABLE_ARMOR","item-name":"{\"text\":\"\",\"extra\":[{\"text\":\"B\",\"color\":\"#4B36B1\"},{\"text\":\"o\",\"color\":\"#4E40B9\"},{\"text\":\"o\",\"color\":\"#504AC1\"},{\"text\":\"t\",\"color\":\"#5354C8\"},{\"text\":\"s\",\"color\":\"#565ED0\"},{\"text\":\" \",\"color\":\"#5968D8\"},{\"text\":\"B\",\"color\":\"#5B71E0\"},{\"text\":\"o\",\"color\":\"#5E7BE8\"},{\"text\":\"o\",\"color\":\"#6185EF\"},{\"text\":\"t\",\"color\":\"#638FF7\"},{\"text\":\"s\",\"color\":\"#6699FF\"}]}","lore":["{\"text\":\"\",\"extra\":[{\"text\":\"» \",\"obfuscated\":false,\"italic\":false,\"underlined\":false,\"strikethrough\":false,\"color\":\"#6F737D\",\"bold\":false},{\"text\":\"Ludicrous durability\",\"obfuscated\":false,\"italic\":false,\"underlined\":false,\"strikethrough\":false,\"color\":\"#D5D6D8\",\"bold\":false}]}","{\"text\":\"\",\"extra\":[{\"text\":\"Damage taken: \",\"obfuscated\":false,\"italic\":false,\"underlined\":false,\"strikethrough\":false,\"color\":\"gray\",\"bold\":false},{\"text\":\"209.02\",\"italic\":false,\"color\":\"dark_gray\"}]}"],"custom-model-data":1001,"enchants":{"minecraft:mending":1,"minecraft:protection":3,"minecraft:unbreaking":5},"attribute-modifiers":{"minecraft:generic.armor":[{}]},"Damage":27,"max-damage":5160,"PublicBukkitValues":"{\n    \"oraxen:id\": \"obsidian_boots\",\n    \"toolstats:damage-taken\": 209.01832938194275d,\n    \"toolstats:damage-taken-int\": 209\n}","color":{}}},{"v":3953,"type":"LEATHER_LEGGINGS","meta":{"meta-type":"COLORABLE_ARMOR","item-name":"{\"text\":\"\",\"extra\":[{\"text\":\"O\",\"color\":\"#4B36B1\"},{\"text\":\"b\",\"color\":\"#4D3CB6\"},{\"text\":\"s\",\"color\":\"#4E42BB\"},{\"text\":\"i\",\"color\":\"#5049C0\"},{\"text\":\"d\",\"color\":\"#524FC5\"},{\"text\":\"i\",\"color\":\"#5355C9\"},{\"text\":\"a\",\"color\":\"#555BCE\"},{\"text\":\"n\",\"color\":\"#5761D3\"},{\"text\":\" \",\"color\":\"#5968D8\"},{\"text\":\"L\",\"color\":\"#5A6EDD\"},{\"text\":\"e\",\"color\":\"#5C74E2\"},{\"text\":\"g\",\"color\":\"#5E7AE7\"},{\"text\":\"g\",\"color\":\"#5F80EC\"},{\"text\":\"i\",\"color\":\"#6186F0\"},{\"text\":\"n\",\"color\":\"#638DF5\"},{\"text\":\"g\",\"color\":\"#6493FA\"},{\"text\":\"s\",\"color\":\"#6699FF\"}]}","lore":["{\"text\":\"\",\"extra\":[{\"text\":\"» \",\"obfuscated\":false,\"italic\":false,\"underlined\":false,\"strikethrough\":false,\"color\":\"#6F737D\",\"bold\":false},{\"text\":\"Ludicrous durability\",\"obfuscated\":false,\"italic\":false,\"underlined\":false,\"strikethrough\":false,\"color\":\"#D5D6D8\",\"bold\":false}]}","{\"text\":\"\",\"extra\":[{\"text\":\"Damage taken: \",\"obfuscated\":false,\"italic\":false,\"underlined\":false,\"strikethrough\":false,\"color\":\"gray\",\"bold\":false},{\"text\":\"209.02\",\"italic\":false,\"color\":\"dark_gray\"}]}"],"custom-model-data":1001,"enchants":{"minecraft:mending":1,"minecraft:protection":3,"minecraft:unbreaking":5},"attribute-modifiers":{"minecraft:generic.armor":[{}]},"Damage":33,"max-damage":5950,"PublicBukkitValues":"{\n    \"oraxen:id\": \"obsidian_leggings\",\n    \"toolstats:damage-taken\": 209.01832938194275d,\n    \"toolstats:damage-taken-int\": 209\n}","color":{}}},{"v":3953,"type":"LEATHER_CHESTPLATE","meta":{"meta-type":"COLORABLE_ARMOR","item-name":"{\"text\":\"\",\"extra\":[{\"text\":\"O\",\"color\":\"#4B36B1\"},{\"text\":\"b\",\"color\":\"#4D3CB5\"},{\"text\":\"s\",\"color\":\"#4E41BA\"},{\"text\":\"i\",\"color\":\"#5047BE\"},{\"text\":\"d\",\"color\":\"#514CC2\"},{\"text\":\"i\",\"color\":\"#5352C7\"},{\"text\":\"a\",\"color\":\"#5457CB\"},{\"text\":\"n\",\"color\":\"#565DCF\"},{\"text\":\" \",\"color\":\"#5762D4\"},{\"text\":\"C\",\"color\":\"#5968D8\"},{\"text\":\"h\",\"color\":\"#5A6DDC\"},{\"text\":\"e\",\"color\":\"#5C73E1\"},{\"text\":\"s\",\"color\":\"#5D78E5\"},{\"text\":\"t\",\"color\":\"#5F7EE9\"},{\"text\":\"p\",\"color\":\"#6083EE\"},{\"text\":\"l\",\"color\":\"#6289F2\"},{\"text\":\"a\",\"color\":\"#638EF6\"},{\"text\":\"t\",\"color\":\"#6594FB\"},{\"text\":\"e\",\"color\":\"#6699FF\"}]}","lore":["{\"text\":\"\",\"extra\":[{\"text\":\"» \",\"obfuscated\":false,\"italic\":false,\"underlined\":false,\"strikethrough\":false,\"color\":\"#6F737D\",\"bold\":false},{\"text\":\"Ludicrous durability\",\"obfuscated\":false,\"italic\":false,\"underlined\":false,\"strikethrough\":false,\"color\":\"#D5D6D8\",\"bold\":false}]}","{\"text\":\"\",\"extra\":[{\"text\":\"Spawned on: \",\"obfuscated\":false,\"italic\":false,\"underlined\":false,\"strikethrough\":false,\"color\":\"gray\",\"bold\":false},{\"text\":\"8/06/2024\",\"italic\":false,\"color\":\"dark_gray\"}]}","{\"text\":\"\",\"extra\":[{\"text\":\"Spawned in by: \",\"obfuscated\":false,\"italic\":false,\"underlined\":false,\"strikethrough\":false,\"color\":\"gray\",\"bold\":false},{\"text\":\"Lunar_VNW\",\"italic\":false,\"color\":\"dark_gray\"}]}","{\"text\":\"\",\"extra\":[{\"text\":\"Damage taken: \",\"obfuscated\":false,\"italic\":false,\"underlined\":false,\"strikethrough\":false,\"color\":\"gray\",\"bold\":false},{\"text\":\"209.02\",\"italic\":false,\"color\":\"dark_gray\"}]}"],"custom-model-data":1001,"enchants":{"minecraft:mending":1,"minecraft:protection":3,"minecraft:unbreaking":5},"attribute-modifiers":{"minecraft:generic.armor":[{}]},"Damage":34,"max-damage":6350,"PublicBukkitValues":"{\n    \"oraxen:id\": \"obsidian_chestplate\",\n    \"toolstats:damage-taken\": 209.01832938194275d,\n    \"toolstats:damage-taken-int\": 209,\n    \"toolstats:hash\": \"2b0e6e44c95c95d0ae196236439c366dcede0db9bf5177663ba9dc2da6255958\",\n    \"toolstats:origin\": 6,\n    \"toolstats:owner\": [B; 8B, -75B, 60B, 100B, 51B, 44B, 50B, -76B, -117B, 56B, -104B, 67B, 41B, 80B, 96B, 119B],\n    \"toolstats:time-created\": 1722911425407L\n}","color":{}}},{"v":3953,"type":"LEATHER_HELMET","meta":{"meta-type":"COLORABLE_ARMOR","item-name":"{\"text\":\"\",\"extra\":[{\"text\":\"O\",\"color\":\"#4B36B1\"},{\"text\":\"b\",\"color\":\"#4D3DB7\"},{\"text\":\"s\",\"color\":\"#4F44BC\"},{\"text\":\"i\",\"color\":\"#514BC2\"},{\"text\":\"d\",\"color\":\"#5352C7\"},{\"text\":\"i\",\"color\":\"#5559CD\"},{\"text\":\"a\",\"color\":\"#5760D2\"},{\"text\":\"n\",\"color\":\"#5968D8\"},{\"text\":\" \",\"color\":\"#5A6FDE\"},{\"text\":\"H\",\"color\":\"#5C76E3\"},{\"text\":\"e\",\"color\":\"#5E7DE9\"},{\"text\":\"l\",\"color\":\"#6084EE\"},{\"text\":\"m\",\"color\":\"#628BF4\"},{\"text\":\"e\",\"color\":\"#6492F9\"},{\"text\":\"t\",\"color\":\"#6699FF\"}]}","lore":["{\"text\":\"\",\"extra\":[{\"text\":\"» \",\"obfuscated\":false,\"italic\":false,\"underlined\":false,\"strikethrough\":false,\"color\":\"#6F737D\",\"bold\":false},{\"text\":\"Ludicrous durability\",\"obfuscated\":false,\"italic\":false,\"underlined\":false,\"strikethrough\":false,\"color\":\"#D5D6D8\",\"bold\":false}]}","{\"text\":\"\",\"extra\":[{\"text\":\"Damage taken: \",\"obfuscated\":false,\"italic\":false,\"underlined\":false,\"strikethrough\":false,\"color\":\"gray\",\"bold\":false},{\"text\":\"209.02\",\"italic\":false,\"color\":\"dark_gray\"}]}"],"custom-model-data":1001,"enchants":{"minecraft:mending":1,"minecraft:protection":3,"minecraft:unbreaking":5},"attribute-modifiers":{"minecraft:generic.armor":[{}]},"Damage":20,"max-damage":4370,"PublicBukkitValues":"{\n    \"oraxen:id\": \"obsidian_helmet\",\n    \"toolstats:damage-taken\": 209.01832938194275d,\n    \"toolstats:damage-taken-int\": 209\n}","color":{}}},{"v":3953,"type":"SHIELD","meta":{"meta-type":"TILE_ENTITY","item-name":"{\"text\":\"\",\"extra\":[{\"text\":\"D\",\"color\":\"#F69D84\"},{\"text\":\"i\",\"color\":\"#F6A285\"},{\"text\":\"v\",\"color\":\"#F7A786\"},{\"text\":\"i\",\"color\":\"#F7AC86\"},{\"text\":\"n\",\"color\":\"#F7B187\"},{\"text\":\"e\",\"color\":\"#F8B688\"},{\"text\":\" \",\"color\":\"#F8BB89\"},{\"text\":\"S\",\"color\":\"#F8C089\"},{\"text\":\"h\",\"color\":\"#F9C58A\"},{\"text\":\"i\",\"color\":\"#F9CA8B\"},{\"text\":\"e\",\"color\":\"#F9CF8C\"},{\"text\":\"l\",\"color\":\"#FAD48C\"},{\"text\":\"d\",\"color\":\"#FAD98D\"}]}","custom-model-data":1000,"Damage":157,"PublicBukkitValues":"{\n    \"oraxen:id\": \"divine_shield\"\n}","blockMaterial":"SHIELD"}}]}}}"
"2024-08-06T08:18:46Z";"DESTROY_CHEST";"{"chest":{"location":{"world":"world","x":-47.0,"y":-14.0,"z":41.0},"createdAt":1722932280276,"expireAt":1722932880276,"owner":{"name":"hakaidiluc","op":false,"id":"8c0cfd1a-aca5-33d2-b11f-28759febd1e3","entity-id":3523,"location":{"world":"world","x":-47.23753738556519,"y":-16.0,"z":39.683156391252744,"yaw":5.8469396,"pitch":-2.8500028}},"isProtected":false,"inventory":{"type":"CHEST","size":45,"content":[]}},"reason":"BREAK","extra":{"player":{"name":"hakaidiluc","op":false,"id":"8c0cfd1a-aca5-33d2-b11f-28759febd1e3","entity-id":3523,"location":{"world":"world","x":-47.23753738556519,"y":-16.0,"z":39.683156391252744,"yaw":5.8469396,"pitch":-2.8500028}}}}"
"2024-08-06T08:22:12Z";"CREATE_CHEST";"{"chest":{"location":{"world":"world","x":-107.0,"y":-59.0,"z":43.0},"createdAt":1722932532957,"expireAt":1722933132957,"owner":{"name":"Lunar_VNW","op":true,"id":"08b53c64-332c-32b4-8b38-984329506077","entity-id":8264,"location":{"world":"world","x":-106.8694524897675,"y":-59.0,"z":43.26936451156161,"yaw":-166.05379,"pitch":87.0}},"isProtected":false,"inventory":{"type":"CHEST","size":9,"content":[{"v":3953,"type":"COBBLED_DEEPSLATE","amount":64},{"v":3953,"type":"CLAY_BALL","amount":64},{"v":3953,"type":"CLAY_BALL","amount":54},{"v":3953,"type":"COBBLED_DEEPSLATE","amount":64},{"v":3953,"type":"COBBLED_DEEPSLATE","amount":64},{"v":3953,"type":"GRAVEL","amount":5},{"v":3953,"type":"COBBLED_DEEPSLATE","amount":8}]}}}"
"2024-08-06T08:23:05Z";"DESTROY_CHEST";"{"chest":{"location":{"world":"world","x":-88.0,"y":-35.0,"z":168.0},"createdAt":1722931941859,"expireAt":1722932541859,"owner":{"name":"hakaidiluc","op":false,"id":"8c0cfd1a-aca5-33d2-b11f-28759febd1e3","entity-id":3523,"location":{"world":"world","x":-107.3093563524159,"y":-60.0,"z":18.30000001192093,"yaw":177.89484,"pitch":-19.499863}},"isProtected":false,"inventory":{"type":"CHEST","size":45,"content":[{"v":3953,"type":"DIRT","amount":64},{"v":3953,"type":"COBBLESTONE","amount":64},{"v":3953,"type":"WHEAT_SEEDS"},{"v":3953,"type":"GRAVEL","amount":55},{"v":3953,"type":"FLINT","amount":10},{"v":3953,"type":"COBBLESTONE","amount":64},{"v":3953,"type":"STICK","amount":32},{"v":3953,"type":"RAW_COPPER","amount":64},{"v":3953,"type":"DIRT","amount":64},{"v":3953,"type":"COBBLESTONE","amount":64},{"v":3953,"type":"COBBLESTONE","amount":64},{"v":3953,"type":"ANDESITE","amount":64},{"v":3953,"type":"COBBLESTONE","amount":64},{"v":3953,"type":"DIORITE","amount":64},{"v":3953,"type":"COAL","amount":5},{"v":3953,"type":"COBBLESTONE","amount":64},{"v":3953,"type":"ANDESITE","amount":62},{"v":3953,"type":"CLAY_BALL","amount":64},{"v":3953,"type":"RAW_COPPER","amount":14},{"v":3953,"type":"CLAY_BALL","amount":64},{"v":3953,"type":"COBBLESTONE","amount":64},{"v":3953,"type":"RAW_GOLD","amount":7},{"v":3953,"type":"COBBLED_DEEPSLATE","amount":64},{"v":3953,"type":"COBBLED_DEEPSLATE","amount":64},{"v":3953,"type":"MOSS_BLOCK","amount":24},{"v":3953,"type":"COBBLED_DEEPSLATE","amount":49},{"v":3953,"type":"REDSTONE","amount":5},{"v":3953,"type":"RAW_IRON","amount":8},{"v":3953,"type":"DIRT","amount":13},{"v":3953,"type":"CLAY_BALL","amount":38},{"v":3953,"type":"DIORITE","amount":28}]}},"reason":"EXPIRATION","extra":{"item-drops":false}}"
"2024-08-06T08:25:49Z";"CREATE_CHEST";"{"chest":{"location":{"world":"world","x":-95.0,"y":-18.0,"z":-133.0},"createdAt":1722932749712,"expireAt":1722933349712,"owner":{"name":"hakaidiluc","op":false,"id":"8c0cfd1a-aca5-33d2-b11f-28759febd1e3","entity-id":3523,"location":{"world":"world","x":-94.21615627162092,"y":-17.030477112430795,"z":-132.4379050396542,"yaw":-103.20276,"pitch":21.150068}},"isProtected":false,"inventory":{"type":"CHEST","size":45,"content":[{"v":3953,"type":"DIAMOND_SWORD","meta":{"meta-type":"UNSPECIFIC","item-name":"{\"text\":\"SKIN: \",\"extra\":[{\"text\":\"B\",\"color\":\"#89e59d\"},{\"text\":\"o\",\"color\":\"#80e2a0\"},{\"text\":\"n\",\"color\":\"#77dea3\"},{\"text\":\"e\",\"color\":\"#6edba7\"},{\"text\":\" \",\"color\":\"#65d7aa\"},{\"text\":\"S\",\"color\":\"#5bd4ad\"},{\"text\":\"w\",\"color\":\"#52d0b0\"},{\"text\":\"o\",\"color\":\"#49cdb4\"},{\"text\":\"r\",\"color\":\"#40c9b7\"},{\"text\":\"d\",\"color\":\"#37c6ba\"}],\"color\":\"#d5d6d8\",\"bold\":true}","custom-model-data":1002,"enchants":{"minecraft:fire_aspect":4,"minecraft:sharpness":6},"Damage":2,"PublicBukkitValues":"{\n    \"oraxen:id\": \"bone_sword\"\n}"}},{"v":3953,"type":"GRAVEL","amount":64},{"v":3953,"type":"FLINT","amount":12},{"v":3953,"type":"COBBLED_DEEPSLATE","amount":64},{"v":3953,"type":"CLAY_BALL","amount":64},{"v":3953,"type":"RAW_IRON","amount":7},{"v":3953,"type":"SHIELD","meta":{"meta-type":"TILE_ENTITY","item-name":"{\"text\":\"\",\"extra\":[{\"text\":\"D\",\"color\":\"#F69D84\"},{\"text\":\"i\",\"color\":\"#F6A285\"},{\"text\":\"v\",\"color\":\"#F7A786\"},{\"text\":\"i\",\"color\":\"#F7AC86\"},{\"text\":\"n\",\"color\":\"#F7B187\"},{\"text\":\"e\",\"color\":\"#F8B688\"},{\"text\":\" \",\"color\":\"#F8BB89\"},{\"text\":\"S\",\"color\":\"#F8C089\"},{\"text\":\"h\",\"color\":\"#F9C58A\"},{\"text\":\"i\",\"color\":\"#F9CA8B\"},{\"text\":\"e\",\"color\":\"#F9CF8C\"},{\"text\":\"l\",\"color\":\"#FAD48C\"},{\"text\":\"d\",\"color\":\"#FAD98D\"}]}","custom-model-data":1000,"Damage":157,"PublicBukkitValues":"{\n    \"oraxen:id\": \"divine_shield\"\n}","blockMaterial":"SHIELD"}},{"v":3953,"type":"DIAMOND","amount":13},{"v":3953,"type":"DIAMOND_PICKAXE","meta":{"meta-type":"UNSPECIFIC","item-name":"{\"text\":\"\",\"extra\":[{\"text\":\"O\",\"color\":\"#3685EC\"},{\"text\":\"r\",\"color\":\"#3C8BEB\"},{\"text\":\"a\",\"color\":\"#4291EA\"},{\"text\":\"x\",\"color\":\"#4897EA\"},{\"text\":\" \",\"color\":\"#4E9DE9\"},{\"text\":\"H\",\"color\":\"#54A3E8\"},{\"text\":\"a\",\"color\":\"#5AA9E7\"},{\"text\":\"m\",\"color\":\"#60AFE6\"},{\"text\":\"m\",\"color\":\"#66B5E6\"},{\"text\":\"e\",\"color\":\"#6CBBE5\"},{\"text\":\"r\",\"color\":\"#72C1E4\"}]}","lore":["{\"text\":\"\",\"extra\":[{\"text\":\"» \",\"obfuscated\":false,\"italic\":false,\"underlined\":false,\"strikethrough\":false,\"color\":\"#6F737D\",\"bold\":false},{\"text\":\"Break 5x5x2 blocks\",\"obfuscated\":false,\"italic\":false,\"underlined\":false,\"strikethrough\":false,\"color\":\"#D5D6D8\",\"bold\":false}]}","{\"text\":\"\",\"extra\":[{\"text\":\"Blocks mined: \",\"obfuscated\":false,\"italic\":false,\"underlined\":false,\"strikethrough\":false,\"color\":\"gray\",\"bold\":false},{\"text\":\"12,944\",\"italic\":false,\"color\":\"dark_gray\"}]}"],"custom-model-data":1005,"Damage":265,"max-damage":4683,"PublicBukkitValues":"{\n    \"oraxen:id\": \"orax_hammer\",\n    \"toolstats:generic-mined\": 12944\n}"}},{"v":3953,"type":"COBBLED_DEEPSLATE","amount":64},{"v":3953,"type":"COOKIE","amount":37},{"v":3953,"type":"MOSS_CARPET"},{"v":3953,"type":"COBBLED_DEEPSLATE","amount":64},{"v":3953,"type":"COBBLED_DEEPSLATE","amount":64},{"v":3953,"type":"COBBLED_DEEPSLATE","amount":64},{"v":3953,"type":"COBBLESTONE","amount":64},{"v":3953,"type":"TUFF","amount":64},{"v":3953,"type":"TUFF","amount":64},{"v":3953,"type":"TROPICAL_FISH"},{"v":3953,"type":"MOSS_BLOCK","amount":26},{"v":3953,"type":"ROTTEN_FLESH","amount":8},{"v":3953,"type":"COBBLED_DEEPSLATE","amount":64},{"v":3953,"type":"COBBLED_DEEPSLATE","amount":64},{"v":3953,"type":"COBBLED_DEEPSLATE","amount":64},{"v":3953,"type":"LAPIS_LAZULI","amount":64},{"v":3953,"type":"COBBLED_DEEPSLATE","amount":64},{"v":3953,"type":"RAW_COPPER","amount":40},{"v":3953,"type":"COBBLED_DEEPSLATE","amount":64},{"v":3953,"type":"COBBLED_DEEPSLATE","amount":64},{"v":3953,"type":"COBBLED_DEEPSLATE","amount":64},{"v":3953,"type":"RAW_GOLD","amount":13},{"v":3953,"type":"COBBLED_DEEPSLATE","amount":64},{"v":3953,"type":"COBBLED_DEEPSLATE","amount":64},{"v":3953,"type":"GUNPOWDER","amount":2},{"v":3953,"type":"COBBLED_DEEPSLATE","amount":64},{"v":3953,"type":"COBBLED_DEEPSLATE","amount":64},{"v":3953,"type":"LEATHER_BOOTS","meta":{"meta-type":"COLORABLE_ARMOR","item-name":"{\"text\":\"\",\"extra\":[{\"text\":\"B\",\"color\":\"#4B36B1\"},{\"text\":\"o\",\"color\":\"#4E40B9\"},{\"text\":\"o\",\"color\":\"#504AC1\"},{\"text\":\"t\",\"color\":\"#5354C8\"},{\"text\":\"s\",\"color\":\"#565ED0\"},{\"text\":\" \",\"color\":\"#5968D8\"},{\"text\":\"B\",\"color\":\"#5B71E0\"},{\"text\":\"o\",\"color\":\"#5E7BE8\"},{\"text\":\"o\",\"color\":\"#6185EF\"},{\"text\":\"t\",\"color\":\"#638FF7\"},{\"text\":\"s\",\"color\":\"#6699FF\"}]}","lore":["{\"text\":\"\",\"extra\":[{\"text\":\"» \",\"obfuscated\":false,\"italic\":false,\"underlined\":false,\"strikethrough\":false,\"color\":\"#6F737D\",\"bold\":false},{\"text\":\"Ludicrous durability\",\"obfuscated\":false,\"italic\":false,\"underlined\":false,\"strikethrough\":false,\"color\":\"#D5D6D8\",\"bold\":false}]}","{\"text\":\"\",\"extra\":[{\"text\":\"Damage taken: \",\"obfuscated\":false,\"italic\":false,\"underlined\":false,\"strikethrough\":false,\"color\":\"gray\",\"bold\":false},{\"text\":\"262.83\",\"italic\":false,\"color\":\"dark_gray\"}]}"],"custom-model-data":1001,"enchants":{"minecraft:mending":1,"minecraft:protection":3,"minecraft:unbreaking":5},"attribute-modifiers":{"minecraft:generic.armor":[{}]},"Damage":8,"max-damage":5160,"PublicBukkitValues":"{\n    \"oraxen:id\": \"obsidian_boots\",\n    \"toolstats:damage-taken\": 262.8296672105789d,\n    \"toolstats:damage-taken-int\": 262\n}","color":{}}},{"v":3953,"type":"LEATHER_LEGGINGS","meta":{"meta-type":"COLORABLE_ARMOR","item-name":"{\"text\":\"\",\"extra\":[{\"text\":\"O\",\"color\":\"#4B36B1\"},{\"text\":\"b\",\"color\":\"#4D3CB6\"},{\"text\":\"s\",\"color\":\"#4E42BB\"},{\"text\":\"i\",\"color\":\"#5049C0\"},{\"text\":\"d\",\"color\":\"#524FC5\"},{\"text\":\"i\",\"color\":\"#5355C9\"},{\"text\":\"a\",\"color\":\"#555BCE\"},{\"text\":\"n\",\"color\":\"#5761D3\"},{\"text\":\" \",\"color\":\"#5968D8\"},{\"text\":\"L\",\"color\":\"#5A6EDD\"},{\"text\":\"e\",\"color\":\"#5C74E2\"},{\"text\":\"g\",\"color\":\"#5E7AE7\"},{\"text\":\"g\",\"color\":\"#5F80EC\"},{\"text\":\"i\",\"color\":\"#6186F0\"},{\"text\":\"n\",\"color\":\"#638DF5\"},{\"text\":\"g\",\"color\":\"#6493FA\"},{\"text\":\"s\",\"color\":\"#6699FF\"}]}","lore":["{\"text\":\"\",\"extra\":[{\"text\":\"» \",\"obfuscated\":false,\"italic\":false,\"underlined\":false,\"strikethrough\":false,\"color\":\"#6F737D\",\"bold\":false},{\"text\":\"Ludicrous durability\",\"obfuscated\":false,\"italic\":false,\"underlined\":false,\"strikethrough\":false,\"color\":\"#D5D6D8\",\"bold\":false}]}","{\"text\":\"\",\"extra\":[{\"text\":\"Damage taken: \",\"obfuscated\":false,\"italic\":false,\"underlined\":false,\"strikethrough\":false,\"color\":\"gray\",\"bold\":false},{\"text\":\"262.83\",\"italic\":false,\"color\":\"dark_gray\"}]}"],"custom-model-data":1001,"enchants":{"minecraft:mending":1,"minecraft:protection":3,"minecraft:unbreaking":5},"attribute-modifiers":{"minecraft:generic.armor":[{}]},"Damage":11,"max-damage":5950,"PublicBukkitValues":"{\n    \"oraxen:id\": \"obsidian_leggings\",\n    \"toolstats:damage-taken\": 262.8296672105789d,\n    \"toolstats:damage-taken-int\": 262\n}","color":{}}},{"v":3953,"type":"LEATHER_CHESTPLATE","meta":{"meta-type":"COLORABLE_ARMOR","item-name":"{\"text\":\"\",\"extra\":[{\"text\":\"O\",\"color\":\"#4B36B1\"},{\"text\":\"b\",\"color\":\"#4D3CB5\"},{\"text\":\"s\",\"color\":\"#4E41BA\"},{\"text\":\"i\",\"color\":\"#5047BE\"},{\"text\":\"d\",\"color\":\"#514CC2\"},{\"text\":\"i\",\"color\":\"#5352C7\"},{\"text\":\"a\",\"color\":\"#5457CB\"},{\"text\":\"n\",\"color\":\"#565DCF\"},{\"text\":\" \",\"color\":\"#5762D4\"},{\"text\":\"C\",\"color\":\"#5968D8\"},{\"text\":\"h\",\"color\":\"#5A6DDC\"},{\"text\":\"e\",\"color\":\"#5C73E1\"},{\"text\":\"s\",\"color\":\"#5D78E5\"},{\"text\":\"t\",\"color\":\"#5F7EE9\"},{\"text\":\"p\",\"color\":\"#6083EE\"},{\"text\":\"l\",\"color\":\"#6289F2\"},{\"text\":\"a\",\"color\":\"#638EF6\"},{\"text\":\"t\",\"color\":\"#6594FB\"},{\"text\":\"e\",\"color\":\"#6699FF\"}]}","lore":["{\"text\":\"\",\"extra\":[{\"text\":\"» \",\"obfuscated\":false,\"italic\":false,\"underlined\":false,\"strikethrough\":false,\"color\":\"#6F737D\",\"bold\":false},{\"text\":\"Ludicrous durability\",\"obfuscated\":false,\"italic\":false,\"underlined\":false,\"strikethrough\":false,\"color\":\"#D5D6D8\",\"bold\":false}]}","{\"text\":\"\",\"extra\":[{\"text\":\"Spawned on: \",\"obfuscated\":false,\"italic\":false,\"underlined\":false,\"strikethrough\":false,\"color\":\"gray\",\"bold\":false},{\"text\":\"8/06/2024\",\"italic\":false,\"color\":\"dark_gray\"}]}","{\"text\":\"\",\"extra\":[{\"text\":\"Spawned in by: \",\"obfuscated\":false,\"italic\":false,\"underlined\":false,\"strikethrough\":false,\"color\":\"gray\",\"bold\":false},{\"text\":\"Lunar_VNW\",\"italic\":false,\"color\":\"dark_gray\"}]}","{\"text\":\"\",\"extra\":[{\"text\":\"Damage taken: \",\"obfuscated\":false,\"italic\":false,\"underlined\":false,\"strikethrough\":false,\"color\":\"gray\",\"bold\":false},{\"text\":\"262.83\",\"italic\":false,\"color\":\"dark_gray\"}]}"],"custom-model-data":1001,"enchants":{"minecraft:mending":1,"minecraft:protection":3,"minecraft:unbreaking":5},"attribute-modifiers":{"minecraft:generic.armor":[{}]},"Damage":10,"max-damage":6350,"PublicBukkitValues":"{\n    \"oraxen:id\": \"obsidian_chestplate\",\n    \"toolstats:damage-taken\": 262.8296672105789d,\n    \"toolstats:damage-taken-int\": 262,\n    \"toolstats:hash\": \"2b0e6e44c95c95d0ae196236439c366dcede0db9bf5177663ba9dc2da6255958\",\n    \"toolstats:origin\": 6,\n    \"toolstats:owner\": [B; 8B, -75B, 60B, 100B, 51B, 44B, 50B, -76B, -117B, 56B, -104B, 67B, 41B, 80B, 96B, 119B],\n    \"toolstats:time-created\": 1722911425407L\n}","color":{}}},{"v":3953,"type":"LEATHER_HELMET","meta":{"meta-type":"COLORABLE_ARMOR","item-name":"{\"text\":\"\",\"extra\":[{\"text\":\"O\",\"color\":\"#4B36B1\"},{\"text\":\"b\",\"color\":\"#4D3DB7\"},{\"text\":\"s\",\"color\":\"#4F44BC\"},{\"text\":\"i\",\"color\":\"#514BC2\"},{\"text\":\"d\",\"color\":\"#5352C7\"},{\"text\":\"i\",\"color\":\"#5559CD\"},{\"text\":\"a\",\"color\":\"#5760D2\"},{\"text\":\"n\",\"color\":\"#5968D8\"},{\"text\":\" \",\"color\":\"#5A6FDE\"},{\"text\":\"H\",\"color\":\"#5C76E3\"},{\"text\":\"e\",\"color\":\"#5E7DE9\"},{\"text\":\"l\",\"color\":\"#6084EE\"},{\"text\":\"m\",\"color\":\"#628BF4\"},{\"text\":\"e\",\"color\":\"#6492F9\"},{\"text\":\"t\",\"color\":\"#6699FF\"}]}","lore":["{\"text\":\"\",\"extra\":[{\"text\":\"» \",\"obfuscated\":false,\"italic\":false,\"underlined\":false,\"strikethrough\":false,\"color\":\"#6F737D\",\"bold\":false},{\"text\":\"Ludicrous durability\",\"obfuscated\":false,\"italic\":false,\"underlined\":false,\"strikethrough\":false,\"color\":\"#D5D6D8\",\"bold\":false}]}","{\"text\":\"\",\"extra\":[{\"text\":\"Damage taken: \",\"obfuscated\":false,\"italic\":false,\"underlined\":false,\"strikethrough\":false,\"color\":\"gray\",\"bold\":false},{\"text\":\"262.83\",\"italic\":false,\"color\":\"dark_gray\"}]}"],"custom-model-data":1001,"enchants":{"minecraft:mending":1,"minecraft:protection":3,"minecraft:unbreaking":5},"attribute-modifiers":{"minecraft:generic.armor":[{}]},"Damage":7,"max-damage":4370,"PublicBukkitValues":"{\n    \"oraxen:id\": \"obsidian_helmet\",\n    \"toolstats:damage-taken\": 262.8296672105789d,\n    \"toolstats:damage-taken-int\": 262\n}","color":{}}}]}}}"
"2024-08-06T08:34:04Z";"DESTROY_CHEST";"{"chest":{"location":{"world":"world","x":-107.0,"y":-59.0,"z":43.0},"createdAt":1722932532957,"expireAt":1722933132957,"owner":{"name":"Lunar_VNW","op":true,"id":"08b53c64-332c-32b4-8b38-984329506077","entity-id":8264,"location":{"world":"world","x":-106.69040989593958,"y":-57.11870078749884,"z":41.98958477791574,"yaw":-24.90419,"pitch":52.649963}},"isProtected":false,"inventory":{"type":"CHEST","size":9,"content":[{"v":3953,"type":"COBBLED_DEEPSLATE","amount":64},{"v":3953,"type":"CLAY_BALL","amount":64},{"v":3953,"type":"CLAY_BALL","amount":54},{"v":3953,"type":"COBBLED_DEEPSLATE","amount":64},{"v":3953,"type":"COBBLED_DEEPSLATE","amount":64},{"v":3953,"type":"GRAVEL","amount":5},{"v":3953,"type":"COBBLED_DEEPSLATE","amount":8}]}},"reason":"EXPIRATION","extra":{"item-drops":false}}"
"2024-08-06T08:37:41Z";"DESTROY_CHEST";"{"chest":{"location":{"world":"world","x":-95.0,"y":-18.0,"z":-133.0},"createdAt":1722932749712,"expireAt":1722933349712,"owner":{"name":"hakaidiluc","op":false,"id":"8c0cfd1a-aca5-33d2-b11f-28759febd1e3","entity-id":3523,"location":{"world":"world","x":-81.60321101777366,"y":33.00133597911215,"z":-284.3554402585619,"yaw":-164.103,"pitch":84.29996}},"isProtected":false,"inventory":{"type":"CHEST","size":45,"content":[{"v":3953,"type":"GRAVEL","amount":64},{"v":3953,"type":"FLINT","amount":12},{"v":3953,"type":"COBBLED_DEEPSLATE","amount":64},{"v":3953,"type":"CLAY_BALL","amount":64},{"v":3953,"type":"RAW_IRON","amount":7},{"v":3953,"type":"COBBLED_DEEPSLATE","amount":64},{"v":3953,"type":"COOKIE","amount":37},{"v":3953,"type":"MOSS_CARPET"},{"v":3953,"type":"COBBLED_DEEPSLATE","amount":64},{"v":3953,"type":"COBBLED_DEEPSLATE","amount":64},{"v":3953,"type":"COBBLED_DEEPSLATE","amount":64},{"v":3953,"type":"COBBLESTONE","amount":64},{"v":3953,"type":"TUFF","amount":64},{"v":3953,"type":"TUFF","amount":64},{"v":3953,"type":"TROPICAL_FISH"},{"v":3953,"type":"MOSS_BLOCK","amount":26},{"v":3953,"type":"ROTTEN_FLESH","amount":8},{"v":3953,"type":"COBBLED_DEEPSLATE","amount":64},{"v":3953,"type":"COBBLED_DEEPSLATE","amount":64},{"v":3953,"type":"COBBLED_DEEPSLATE","amount":64},{"v":3953,"type":"LAPIS_LAZULI","amount":64},{"v":3953,"type":"COBBLED_DEEPSLATE","amount":64},{"v":3953,"type":"RAW_COPPER","amount":40},{"v":3953,"type":"COBBLED_DEEPSLATE","amount":64},{"v":3953,"type":"COBBLED_DEEPSLATE","amount":64},{"v":3953,"type":"COBBLED_DEEPSLATE","amount":64},{"v":3953,"type":"RAW_GOLD","amount":13},{"v":3953,"type":"COBBLED_DEEPSLATE","amount":64},{"v":3953,"type":"COBBLED_DEEPSLATE","amount":64},{"v":3953,"type":"GUNPOWDER","amount":2},{"v":3953,"type":"COBBLED_DEEPSLATE","amount":64},{"v":3953,"type":"COBBLED_DEEPSLATE","amount":64}]}},"reason":"EXPIRATION","extra":{"item-drops":false}}"
